label,exc_count,quest_count,ellipsis_count,uppercase_count,emoji_score,hashtag_score,tweet_score,positive_word,negative_word,interjection_count,intensifier_count,emoji_tweet_flip,noun_count,verb_count
0,0,0,0,1,0.0,0.0,0.4215,1,0,0,0,1,1,0
0,0,0,0,3,0.0,0.0,-0.3818,0,1,0,0,1,0,1
0,0,0,0,1,0.0,0.0,-0.34,0,2,0,0,1,0,2
0,0,0,0,0,0.0,0.0,0.7283,1,0,0,0,1,1,0
0,0,0,0,0,0.0,0.0,0.0,0,0,0,0,0,0,0
0,0,0,0,0,0.0,0.0,0.0516,2,1,0,0,1,2,1
0,0,0,0,8,0.0,0.0,-0.9926,0,11,0,0,1,0,11
0,0,0,0,0,0.0,0.0,-0.1531,1,1,0,0,1,1,1
0,0,1,0,0,0.0,0.0,0.0,0,0,0,0,0,0,0
0,0,0,0,0,0.0,0.0,0.0,0,0,0,0,0,0,0
0,0,0,0,0,0.0,0.0,0.0,0,0,0,0,0,0,0
0,0,0,0,1,0.0,0.0,-0.5267,0,1,0,0,1,0,1
0,1,0,0,0,0.0,0.0,0.6908,2,0,0,0,1,2,0
0,0,0,0,0,0.0,0.0,0.8327,2,0,0,0,1,2,0
0,0,1,1,0,0.0,0.0,0.2382,1,0,0,1,1,1,0
0,0,0,0,1,0.0,0.0,0.0,0,0,0,0,0,0,0
0,0,0,0,2,0.0,0.0,0.8555,2,0,0,0,1,2,0
0,2,0,0,1,0.0,0.0,0.8779,3,0,0,1,1,3,0
0,0,0,0,0,0.0,0.0,0.9432,4,0,0,0,1,4,0
0,0,0,0,1,0.0,0.0,-0.0516,0,1,0,0,1,0,1
0,0,0,0,0,0.0,0.0,0.0,0,0,0,0,0,0,0
0,0,0,0,0,0.0,0.0,0.836,2,0,0,0,1,2,0
0,0,0,0,7,0.0,0.0,-0.1779,1,1,0,0,1,1,1
0,1,0,0,0,0.0,0.0,0.7704,1,1,0,0,1,1,1
0,0,0,0,0,0.0,0.0,-0.0258,2,1,0,0,1,2,1
0,2,0,0,0,0.0,0.0,-0.1586,3,1,1,1,1,3,1
0,0,0,0,0,0.0,0.0,0.4404,1,0,0,0,1,1,0
0,0,0,0,0,0.8271,0.0,0.7472,0,3,0,0,1,0,3
0,0,0,0,0,0.0,0.0,-0.5719,0,1,0,0,1,0,1
0,1,0,0,2,0.0,0.0,0.7096,2,0,0,0,1,2,0
0,0,0,0,2,0.7184,0.0,0.8658,2,0,0,0,0,2,0
0,0,0,0,0,0.0,0.0,0.0,0,0,0,0,0,0,0
0,0,0,0,0,0.0,0.0,0.0772,1,1,0,0,1,1,1
0,0,0,0,1,0.0,0.0,0.5423,3,1,1,1,1,3,1
0,0,0,1,2,0.0,0.0,0.7334,2,0,0,1,1,2,0
0,0,0,0,1,0.0,0.0,0.0,0,0,0,0,0,0,0
0,1,1,0,5,0.0,0.0,0.5106,1,0,0,0,1,1,0
0,0,0,0,0,0.0,0.0,0.0,0,0,0,0,0,0,0
0,0,0,1,1,0.0,0.0,0.0,0,0,0,0,0,0,0
0,0,0,0,0,0.0,0.0,-0.4019,0,2,0,0,1,0,2
0,0,0,0,0,0.0,0.0,0.0,0,0,0,0,0,0,0
0,0,0,0,0,0.0,0.0,0.7783,2,0,0,0,1,2,0
0,0,0,0,0,0.0,0.0,0.5994,1,0,0,0,1,1,0
0,0,0,0,2,0.0,0.0,0.6369,1,0,0,0,1,1,0
0,0,0,0,0,0.0,0.0,0.0,0,0,0,0,0,0,0
0,0,0,0,0,0.7184,0.0,0.7184,0,0,0,0,1,0,0
0,0,0,0,0,0.9001,0.0,0.8126,0,1,0,1,1,0,1
0,0,0,0,0,0.0,0.0,-0.4215,2,2,1,0,1,2,2
0,0,0,0,1,0.0,0.0,0.7893,2,0,1,1,1,2,0
0,0,0,0,0,0.0,0.0,-0.3182,0,1,0,0,1,0,1
0,0,0,0,0,0.0,0.0,0.6113,1,0,0,0,1,1,0
0,0,0,0,0,0.0,-0.5859,-0.4588,1,1,0,0,1,1,1
0,0,0,0,1,-0.2748,0.0,0.5034,1,0,0,0,1,1,0
0,0,0,0,1,0.0,0.0,0.0,0,0,0,0,0,0,0
0,0,0,0,1,0.0,0.0,0.4588,1,0,0,0,1,1,0
0,0,0,0,0,0.0,0.0,0.6705,1,0,0,0,1,1,0
0,0,0,0,0,0.0,0.0,0.7946,2,0,0,0,1,2,0
0,1,0,0,0,0.0,0.0,-0.0772,1,1,0,0,1,1,1
0,0,0,0,0,0.0,0.0,0.0772,1,1,0,1,1,1,1
0,0,0,0,0,0.0,0.0,0.9349,4,0,0,0,1,4,0
0,0,0,0,0,0.6705,0.0,0.9482,3,0,0,0,0,3,0
0,0,0,0,0,0.0,0.0,0.4939,2,0,0,0,1,2,0
0,0,0,0,0,0.0,0.0,0.431,0,1,0,0,1,0,1
0,1,0,0,0,0.0,-0.2263,0.4588,1,1,0,0,1,1,1
0,0,0,0,0,0.0,0.0,0.7346,4,1,0,1,1,4,1
0,0,0,0,0,0.0,0.0,-0.6486,0,1,0,0,1,0,1
0,0,1,0,0,0.0,0.0,-0.7717,1,2,0,0,1,1,2
0,1,0,0,0,0.0,0.0,0.7351,2,0,0,0,1,2,0
0,1,0,0,1,0.0,0.5106,0.8286,2,0,1,0,1,2,0
0,0,0,0,0,0.0,0.0,-0.4767,0,1,0,0,1,0,1
0,0,0,0,1,-0.4767,0.0,0.1531,2,0,0,0,1,2,0
0,0,0,1,0,-0.4215,0.0,-0.8555,0,2,0,1,0,0,2
0,0,0,0,0,0.0,0.0,-0.1531,0,1,0,0,1,0,1
0,0,0,0,3,0.0,0.0,0.0,0,0,0,0,0,0,0
0,0,0,0,19,0.9942,0.0,0.9961,5,3,0,2,0,5,3
0,2,0,0,1,0.0,0.0,0.8208,3,1,0,0,1,3,1
0,0,0,0,1,0.0,0.0,-0.5106,0,1,0,0,1,0,1
0,0,0,0,0,0.0,0.0,-0.8934,0,3,0,0,1,0,3
0,0,0,0,0,0.0,0.0,-0.2755,1,0,0,0,1,1,0
0,0,0,0,1,0.0,0.0,-0.3612,0,1,0,0,1,0,1
0,0,0,0,0,0.0,0.0,0.0258,1,1,0,0,1,1,1
0,0,0,0,0,0.0,0.0,0.4588,1,0,0,0,1,1,0
0,0,0,0,1,0.6369,0.0,0.9451,3,0,0,0,0,3,0
0,0,0,0,1,0.0,0.0,0.1139,0,1,0,0,1,0,1
0,0,0,0,1,0.0,0.0,-0.9158,1,5,0,0,1,1,5
0,0,0,0,0,0.0,0.0,0.0,0,0,0,0,0,0,0
0,1,0,0,1,0.3612,0.0,0.8901,3,0,0,0,0,3,0
0,0,0,0,0,0.0,0.0,0.0,0,0,0,0,0,0,0
0,0,0,0,1,0.0,0.0,0.0,0,0,0,0,0,0,0
0,1,0,0,0,0.0,0.0,0.0,0,0,0,0,0,0,0
0,0,0,0,0,0.0,0.0,0.4767,1,0,0,1,1,1,0
0,0,0,0,0,0.0,0.0,0.0,0,0,0,0,0,0,0
0,1,0,0,0,0.4215,-0.1531,0.7783,2,1,0,0,0,2,1
0,0,0,1,0,0.0,0.0,0.4215,1,0,0,0,1,1,0
0,0,0,0,0,0.0,0.0,0.0,0,0,0,0,0,0,0
0,1,0,0,1,0.0,0.0,0.8842,2,0,0,0,1,2,0
0,1,0,0,1,0.0,0.0,0.0,0,0,0,0,0,0,0
0,0,0,0,0,0.0,0.0,0.0,0,2,0,0,0,0,2
0,0,0,0,1,0.0,0.0,0.5574,2,0,0,0,1,2,0
0,0,0,0,0,0.0,0.0,0.5267,2,0,0,0,1,2,0
0,1,0,0,0,0.0,0.0,0.4404,1,0,0,0,1,1,0
0,0,0,0,0,0.0,0.0,0.6369,1,0,0,0,1,1,0
0,0,0,0,0,0.0,0.0,-0.4215,0,1,0,0,1,0,1
0,0,0,0,2,0.0,0.0,0.8271,2,0,1,0,1,2,0
0,0,0,0,0,-0.4404,0.0,-0.4404,0,0,0,0,1,0,0
0,0,0,0,0,0.0,0.0,0.0,0,0,0,0,0,0,0
0,0,0,1,0,0.0,0.0,0.0,0,0,0,0,0,0,0
0,0,0,0,0,0.0,0.0,0.0772,2,1,0,1,1,2,1
0,0,0,0,1,0.0,0.0,-0.7906,0,2,0,1,1,0,2
0,0,0,0,0,0.0,0.0,0.5719,1,0,0,0,1,1,0
0,0,0,0,0,0.0,0.0,0.5859,1,0,0,0,1,1,0
0,0,0,0,2,0.0,0.0,-0.128,1,2,0,0,1,1,2
0,0,0,0,0,0.0,0.0,0.4767,1,0,0,0,1,1,0
0,0,0,0,0,0.0,0.0,0.0,0,0,0,0,0,0,0
0,1,0,0,2,0.0,0.0,0.4404,1,0,0,0,1,1,0
0,0,0,0,2,0.0,0.0,0.0,0,0,0,1,0,0,0
0,0,0,0,2,0.0,0.0,0.0,0,0,0,0,0,0,0
0,1,0,0,0,0.0,0.0,0.0,0,0,0,0,0,0,0
0,0,0,0,0,0.0,0.0,0.4215,1,0,0,0,1,1,0
0,0,0,0,3,0.0,0.0,0.4238,5,0,0,0,1,5,0
0,1,0,0,0,0.0,0.0,0.3612,1,0,0,0,1,1,0
0,0,0,1,2,0.0,0.0,0.0,0,0,0,0,0,0,0
0,0,0,0,0,0.0,0.0,0.0,0,0,0,0,0,0,0
0,0,0,0,1,0.0,0.0,0.7574,1,0,0,1,1,1,0
0,0,0,0,0,0.0,0.0,0.6249,1,0,0,0,1,1,0
0,1,0,0,1,0.0,0.0,0.0,0,0,0,0,0,0,0
0,0,0,0,1,0.0,0.0,0.7184,2,0,0,0,1,2,0
0,0,0,0,1,0.0,0.0,-0.9128,3,5,0,1,1,3,5
0,0,0,0,0,0.0,0.0,0.4939,1,0,0,0,1,1,0
0,0,0,0,1,0.0,0.0,0.0,0,0,0,1,0,0,0
0,0,0,0,0,0.0,0.0,-0.5859,1,2,0,0,1,1,2
0,0,0,0,1,0.0,0.0,0.0,0,0,0,1,0,0,0
0,0,0,1,1,0.0,0.0,0.3612,1,0,0,0,1,1,0
0,1,0,0,0,0.0,0.0,0.886,3,0,0,0,1,3,0
0,0,0,0,0,0.0,0.0,-0.7184,0,2,1,0,1,0,2
0,0,0,0,0,0.0,0.0,0.0,0,0,0,0,0,0,0
0,2,0,0,0,0.0,0.0,0.8519,3,0,1,0,1,3,0
0,0,0,0,1,0.0,0.0,0.6852,1,2,0,0,1,1,2
0,0,1,0,0,0.4939,0.0,0.3612,0,1,0,0,1,0,1
0,0,0,1,1,0.0,0.0,-0.7982,4,2,0,0,1,4,2
0,0,0,0,0,0.0,0.0,-0.1531,1,1,0,1,1,1,1
0,0,0,0,0,0.0,0.0,0.4404,1,0,0,0,1,1,0
0,0,0,0,1,0.0,0.0,0.4588,1,0,0,0,1,1,0
0,1,0,0,1,0.0,0.0,0.8402,2,0,1,0,1,2,0
0,0,0,0,0,0.0772,0.0,0.2263,1,1,0,0,0,1,1
0,0,0,1,1,0.0,0.0,-0.7096,1,2,0,0,1,1,2
0,0,0,0,0,0.0,0.0,-0.0516,1,1,1,0,1,1,1
0,0,0,0,1,0.0,0.0,0.1695,0,1,0,0,1,0,1
0,0,0,0,0,0.0,0.0,0.1027,2,1,0,0,1,2,1
0,0,0,0,1,0.0,0.0,0.765,3,2,0,0,1,3,2
0,0,0,0,1,0.0,0.0,0.802,2,0,0,0,1,2,0
0,0,0,0,0,0.0,0.0,0.4215,1,0,0,0,1,1,0
0,1,0,0,0,0.0,0.0,0.6249,1,0,0,1,1,1,0
0,0,0,0,0,0.0,0.0,0.4215,1,0,0,0,1,1,0
0,0,0,0,0,0.0,0.0,-0.5719,0,2,0,0,1,0,2
0,0,0,0,1,0.0,0.0,0.3612,1,1,0,1,1,1,1
0,0,0,0,0,0.0,0.0,0.0,0,0,0,0,0,0,0
0,1,0,1,0,0.0,0.0,0.5936,1,0,0,0,1,1,0
0,0,0,0,0,-0.3182,0.0,0.2411,0,0,0,0,1,0,0
0,1,0,0,0,0.0,0.0,0.7906,2,0,0,0,1,2,0
0,0,0,0,0,0.0,0.0,0.2263,0,1,0,0,1,0,1
0,1,0,0,0,0.0,0.0,0.8393,3,1,0,0,1,3,1
0,0,0,0,12,0.0,0.0,0.8543,2,0,0,0,1,2,0
0,0,0,0,6,0.0,0.0,0.0,0,0,0,0,0,0,0
0,0,0,0,1,0.0,0.0,0.6249,2,1,0,0,1,2,1
0,0,0,0,3,0.0,0.0,0.5574,2,1,0,0,1,2,1
0,0,0,0,2,0.0,0.0,0.0,0,0,0,0,0,0,0
0,0,0,0,1,0.0,0.0,0.3818,1,0,0,0,1,1,0
0,0,0,0,0,0.0,0.0,-0.5859,0,1,0,0,1,0,1
0,0,0,0,0,0.0,0.0,-0.4449,2,0,0,0,1,2,0
0,0,0,0,1,0.0,0.0,-0.5423,0,1,0,0,1,0,1
0,1,0,0,0,0.0,0.0,0.3182,1,0,0,0,1,1,0
0,0,0,0,0,0.0,0.0,0.5106,1,0,0,0,1,1,0
0,0,0,0,0,0.0,0.0,0.0,0,0,0,0,0,0,0
0,0,0,0,0,0.0,0.0,-0.6615,0,4,0,0,1,0,4
0,0,0,0,0,0.891,0.0,0.4959,1,3,0,0,1,1,3
0,0,0,0,0,0.0,0.0,0.0,0,0,0,0,0,0,0
0,0,0,0,1,0.0,0.0,0.3818,1,1,0,0,1,1,1
0,0,0,0,0,0.0,0.0,0.4404,1,0,0,0,1,1,0
0,0,1,0,0,0.8271,0.0,0.8934,1,0,0,0,0,1,0
0,0,0,0,0,0.0,0.0,0.5792,2,2,0,0,1,2,2
0,0,0,0,1,0.0,0.0,0.3612,2,1,0,0,1,2,1
0,0,0,0,0,0.0,0.0,0.0,0,0,0,0,0,0,0
0,2,0,0,0,0.0,0.0,0.9042,4,0,0,1,1,4,0
0,0,0,0,0,0.0,0.0,0.8519,2,0,0,0,1,2,0
0,1,0,0,1,0.0,0.0,0.7636,3,2,0,0,1,3,2
0,1,0,0,0,0.0,0.0,0.0,0,0,0,1,0,0,0
0,0,0,0,0,0.0,0.0,-0.7184,1,2,0,1,1,1,2
0,0,0,0,0,0.0,0.0,0.6808,2,0,0,0,1,2,0
0,0,0,0,8,-0.8519,0.0,-0.9253,0,0,0,0,1,0,0
0,0,0,0,0,0.0,0.0,0.2081,3,0,0,0,1,3,0
0,0,0,0,1,0.0,0.0,0.1779,1,1,0,0,1,1,1
0,0,0,0,0,0.0,0.0,0.0,0,0,0,0,0,0,0
0,1,0,0,0,0.0,0.0,0.1531,1,1,0,0,1,1,1
0,1,1,0,0,0.0,0.0,0.6908,3,0,0,0,1,3,0
0,0,0,0,0,0.0,0.0,0.0,0,0,0,0,0,0,0
0,0,0,0,1,0.0,0.6369,0.6369,1,0,0,0,1,1,0
0,0,0,0,1,0.0,0.0,0.5267,1,0,0,0,1,1,0
0,0,0,0,0,0.0,0.0,0.0,0,0,0,0,0,0,0
0,0,0,0,2,0.0,0.0,-0.2732,1,1,0,0,1,1,1
0,1,1,0,0,0.0,0.0,0.0,0,0,0,0,0,0,0
0,1,0,0,0,0.0,0.0,0.34,1,0,0,0,1,1,0
0,0,0,0,0,0.0,0.0,0.1027,4,2,0,0,1,4,2
0,0,0,0,0,0.0,0.0,0.7096,2,0,0,0,1,2,0
0,0,0,0,0,0.0,0.0,-0.3182,0,1,0,0,1,0,1
0,0,1,0,0,0.0,0.0,-0.5574,0,1,0,0,1,0,1
0,0,0,0,0,0.0,0.0,0.0,0,0,0,0,0,0,0
0,0,0,0,0,0.0,0.0,0.8477,3,1,0,0,1,3,1
0,0,0,0,0,0.0,0.0,0.6124,2,0,0,0,1,2,0
0,0,0,0,1,0.3612,0.0,-0.1527,1,2,0,0,1,1,2
0,0,0,0,0,0.0,0.0,0.0,0,0,0,0,0,0,0
0,0,0,0,0,0.0,0.0,0.0,0,0,0,0,0,0,0
0,0,0,0,1,0.0,0.0,0.0,0,0,0,0,0,0,0
0,0,0,0,1,0.0,0.0,0.6967,4,0,0,0,1,4,0
0,0,0,0,0,0.0,0.0,0.7184,2,0,0,0,1,2,0
0,0,0,0,0,0.0,0.0,-0.374,1,1,0,2,1,1,1
0,0,0,0,0,0.0,0.0,0.3612,1,0,0,0,1,1,0
0,0,0,0,1,0.0,0.0,-0.8074,0,2,0,0,1,0,2
0,0,0,0,0,0.0,0.0,0.7786,2,0,0,1,1,2,0
0,0,0,0,0,0.0,0.0,0.5574,2,0,1,0,1,2,0
0,0,0,0,1,0.0,0.0,0.4939,1,0,0,0,1,1,0
0,0,0,0,0,0.0,0.0,0.5719,1,0,0,0,1,1,0
0,0,0,0,0,-0.9584,0.0,-0.946,1,0,0,0,1,1,0
0,0,0,0,0,0.0,0.0,-0.3818,0,1,0,0,1,0,1
0,0,0,0,3,0.0,0.0,0.8743,2,0,0,0,1,2,0
0,0,0,0,0,0.0,0.0,0.0,0,0,0,0,0,0,0
0,0,0,0,0,0.0,0.0,0.6597,2,0,0,0,1,2,0
0,1,0,0,1,0.0,0.0,-0.2584,1,0,0,0,1,1,0
0,0,2,0,1,0.0,0.0,0.7184,1,1,0,0,1,1,1
0,0,0,0,1,0.0,0.0,0.6705,2,0,0,0,1,2,0
0,0,0,1,0,0.0,0.0,0.3612,1,0,0,0,1,1,0
0,0,0,1,0,0.0,0.0,-0.4019,0,1,0,0,1,0,1
0,1,0,0,0,0.0,0.0,-0.1779,1,1,0,0,1,1,1
0,0,0,0,0,0.0,0.0,0.0,0,0,0,0,0,0,0
0,0,0,0,0,0.0,0.0,0.7096,4,0,0,0,1,4,0
0,0,0,0,0,0.0,0.0,0.0,0,0,0,0,0,0,0
0,0,0,0,0,0.0,0.0,-0.4939,0,1,0,1,1,0,1
0,0,0,0,0,0.0,0.0,0.7506,2,0,0,0,1,2,0
0,0,0,0,0,0.0,0.0,0.9217,4,0,0,0,1,4,0
0,0,0,0,0,0.0,0.0,0.0,0,0,0,0,0,0,0
0,0,0,0,0,0.0,0.0,0.0,0,0,0,0,0,0,0
0,0,0,0,0,0.0,0.0,0.0,0,0,0,0,0,0,0
0,0,0,0,0,0.0,0.0,0.9042,4,0,0,0,1,4,0
0,0,0,0,0,0.0,0.0,0.5719,1,0,0,0,1,1,0
0,0,0,0,0,0.0,0.0,0.2732,1,0,0,0,1,1,0
0,0,1,0,0,0.0,0.0,-0.296,1,1,0,0,1,1,1
0,0,0,0,0,0.0,0.0,0.0,0,0,0,0,0,0,0
0,0,0,0,1,0.0,0.0,0.0,0,0,0,0,0,0,0
0,0,0,0,6,0.0,0.0,0.0,0,0,0,0,0,0,0
0,0,0,0,0,0.0,0.0,0.2944,1,0,0,1,1,1,0
0,0,0,0,0,0.0,0.0,0.5267,1,0,1,0,1,1,0
0,0,0,0,0,0.0,0.0,0.0,0,0,0,0,0,0,0
0,0,0,0,0,0.0,0.0,0.3182,1,0,0,0,1,1,0
0,0,0,0,1,0.0,0.0,0.3612,1,0,0,0,1,1,0
0,0,0,0,0,0.0,0.0,-0.5423,0,1,0,0,1,0,1
0,0,0,0,1,0.0,0.0,0.0,0,0,0,0,0,0,0
0,2,0,0,2,0.8402,0.0,0.9531,2,0,0,0,0,2,0
0,0,0,0,1,0.0,0.0,-0.5667,2,0,0,0,1,2,0
0,0,0,0,0,0.0,0.0,0.6124,1,0,0,0,1,1,0
0,0,0,0,1,0.0,0.0,0.4404,1,0,0,0,1,1,0
0,0,0,2,0,0.0,0.0,0.8807,3,0,1,0,1,3,0
0,1,0,0,2,0.0,0.0,0.0,0,0,0,0,0,0,0
0,0,1,0,1,0.0,0.0,-0.5719,1,2,0,1,1,1,2
0,0,0,0,1,0.0,0.0,0.4939,1,0,0,1,1,1,0
0,0,0,0,0,0.0,0.0,-0.5457,2,3,0,0,1,2,3
0,0,0,0,2,0.0,0.0,0.0,0,0,0,0,0,0,0
0,0,0,0,0,0.0,0.0,-0.7902,0,2,0,0,1,0,2
0,0,0,0,0,0.0,0.0,-0.7506,2,3,0,0,1,2,3
0,0,0,0,1,0.0,0.0,0.1719,1,3,0,0,1,1,3
0,0,0,0,0,0.0,0.0,-0.8625,0,3,0,0,1,0,3
0,0,0,0,0,0.0,0.0,0.6908,2,0,0,0,1,2,0
0,0,0,0,1,0.0,0.0,0.0,0,0,0,0,0,0,0
0,0,0,0,1,0.0,0.0,0.9231,5,0,0,0,1,5,0
0,1,0,0,0,0.0,0.0,0.4019,1,0,0,0,1,1,0
0,0,0,0,0,0.0,0.0,0.0,0,0,0,0,0,0,0
0,0,0,0,0,0.0,0.0,0.2197,1,2,0,0,1,1,2
0,0,0,0,1,0.0,0.0,0.0772,1,1,0,0,1,1,1
0,0,0,0,0,0.0,0.0,-0.25,1,2,0,0,1,1,2
0,0,0,0,0,0.4404,0.0,0.5842,0,1,0,0,0,0,1
0,0,0,0,1,0.0,0.0,-0.3182,0,1,0,0,1,0,1
0,0,0,0,0,0.0,0.0,0.0,0,0,0,0,0,0,0
0,0,1,0,0,0.0,0.0,-0.6823,1,0,0,1,1,1,0
0,0,0,0,0,0.0,0.0,-0.6059,2,2,0,0,1,2,2
0,0,0,0,0,0.0,0.0,-0.5719,0,1,0,0,1,0,1
0,0,0,0,0,0.0,0.0,-0.128,2,1,0,0,1,2,1
0,0,0,0,0,0.0,0.0,0.6275,2,0,0,0,1,2,0
0,0,0,1,0,0.0,0.0,0.638,1,1,0,0,1,1,1
0,0,1,0,0,0.0,0.0,-0.6808,0,1,0,0,1,0,1
0,1,0,0,0,0.0,0.0,0.743,2,0,0,0,1,2,0
0,1,0,0,0,0.0,0.0,-0.3182,3,3,0,0,1,3,3
0,0,0,0,0,-0.9545,0.0,-0.9545,0,0,0,0,1,0,0
0,0,0,0,0,0.0,0.0,0.0,0,0,0,1,0,0,0
0,0,0,0,0,0.0,0.0,0.0772,1,1,0,0,1,1,1
0,0,0,1,1,0.0,0.0,0.0,0,0,0,0,0,0,0
0,0,0,0,1,0.0,0.0,-0.3751,1,2,0,0,1,1,2
0,0,0,0,0,0.0,0.0,0.7964,2,0,0,0,1,2,0
0,0,0,0,0,0.0,0.0,-0.1779,1,1,0,0,1,1,1
0,0,0,0,0,0.4588,-0.2263,0.2732,0,1,0,0,1,0,1
0,0,0,0,0,0.0,0.0,-0.6428,0,1,0,0,1,0,1
0,0,0,0,1,0.0,0.0,0.8126,3,0,0,1,1,3,0
0,0,0,0,1,0.0,0.0,0.4404,1,0,0,0,1,1,0
0,1,1,0,1,0.0,0.0,-0.2187,2,0,0,0,1,2,0
0,0,0,0,0,0.0,0.0,-0.6696,0,1,0,0,1,0,1
0,0,0,0,1,0.0,-0.1779,-0.1027,1,1,0,0,1,1,1
0,0,0,0,0,0.0,0.0,0.0,0,0,0,0,0,0,0
0,0,1,0,0,0.0,0.0,-0.2732,0,1,0,1,1,0,1
0,0,0,0,0,0.0,0.0,0.6369,1,0,0,0,1,1,0
0,0,0,0,0,0.0,0.0,-0.2732,0,1,0,0,1,0,1
0,0,1,0,1,0.0,0.0,-0.5994,1,2,1,0,1,1,2
0,0,0,0,1,0.0,0.0,0.296,2,0,0,0,1,2,0
0,1,0,0,1,0.0,0.0,0.6369,1,0,0,0,1,1,0
0,0,0,0,0,0.0,0.0,0.3612,1,0,0,0,1,1,0
0,1,0,0,0,0.0,0.0,0.9042,3,0,0,0,1,3,0
0,1,0,2,1,0.0,0.0,-0.296,1,1,0,0,1,1,1
0,0,0,0,2,0.0,0.0,-0.1901,3,2,0,0,1,3,2
0,0,0,0,0,0.0,0.0,0.2584,0,2,0,0,1,0,2
0,0,0,0,1,0.0,0.0,0.3182,1,0,0,0,1,1,0
0,0,0,0,1,0.0,0.0,-0.9337,0,4,0,0,1,0,4
0,0,0,0,0,0.0,0.0,0.34,1,0,0,0,1,1,0
0,0,0,0,0,0.0,0.0,0.3818,1,0,0,0,1,1,0
0,0,0,0,0,0.0,0.0,0.0,0,0,0,1,0,0,0
0,0,0,0,1,0.0,0.0,0.368,1,0,0,0,1,1,0
0,0,0,0,0,0.0,0.0,0.0,0,0,0,0,0,0,0
0,0,0,0,0,0.0,0.0,0.0,0,0,0,0,0,0,0
0,0,0,0,0,0.0,0.0,0.0,0,0,0,0,0,0,0
0,0,0,0,1,0.0,0.0,0.8316,3,0,0,1,1,3,0
0,0,0,0,0,0.0,0.0,0.34,1,0,0,1,1,1,0
0,0,0,0,1,0.0,0.0,0.0,0,0,0,0,0,0,0
0,0,0,0,0,0.0,0.0,-0.2732,1,1,0,0,1,1,1
0,0,0,0,0,0.0,0.0,-0.34,0,1,0,0,1,0,1
0,0,0,0,0,0.0,0.0,0.0,0,0,0,0,0,0,0
0,2,0,0,0,0.0,0.0,0.743,2,0,0,1,1,2,0
0,1,1,0,0,0.0,0.0,0.7003,2,0,0,0,1,2,0
0,0,0,0,0,0.0,0.0,0.5777,1,0,0,0,1,1,0
0,0,0,0,0,0.0,0.0,-0.1531,1,3,0,0,1,1,3
0,2,0,0,0,0.0,0.0,0.8591,4,1,0,0,1,4,1
0,0,0,0,4,0.0,0.0,0.955,6,0,0,0,1,6,0
0,0,0,0,0,0.0,0.0,-0.5256,0,1,0,1,1,0,1
0,0,0,0,2,0.0,0.0,0.6808,2,0,0,0,1,2,0
0,0,0,0,0,0.0,0.0,0.5106,1,0,0,0,1,1,0
0,0,0,0,0,0.4404,0.0,0.8609,1,2,0,1,0,1,2
0,0,0,0,1,0.0,0.0,-0.0516,0,1,0,0,1,0,1
0,0,0,0,1,0.0,0.0,0.5106,1,0,0,0,1,1,0
0,1,0,0,0,0.0,0.0,0.4005,1,0,0,0,1,1,0
0,0,0,0,0,0.0,0.0,-0.4019,0,1,0,0,1,0,1
0,1,0,0,0,0.0,0.0,0.0,0,0,0,0,0,0,0
0,1,0,0,0,0.0,0.0,0.6249,1,0,0,0,1,1,0
0,1,1,0,0,0.0,0.0,0.7003,2,0,0,0,1,2,0
0,1,0,0,0,0.0,0.0,0.0,0,0,0,0,0,0,0
0,0,0,0,1,0.0,0.0,0.3612,1,0,0,1,1,1,0
0,0,0,0,12,0.0,0.0,0.0,0,0,0,0,0,0,0
0,0,0,0,1,0.0,0.0,-0.2037,2,0,0,0,1,2,0
0,0,0,0,3,0.0,0.0,0.5719,1,0,0,0,1,1,0
0,0,1,0,1,0.0,0.0,-0.4023,1,0,0,0,1,1,0
0,0,0,0,0,0.0,0.0,0.8126,2,0,0,0,1,2,0
0,0,0,0,1,0.0,0.0,0.936,4,0,0,0,1,4,0
0,0,0,0,0,0.0,0.0,0.4404,1,0,0,0,1,1,0
0,0,0,0,0,0.9517,0.0,0.9349,0,1,0,0,1,0,1
0,0,0,0,0,0.0,0.0,0.0,0,0,0,0,0,0,0
0,0,0,0,0,0.0,0.0,0.6369,1,0,0,0,1,1,0
0,0,0,0,0,0.0,0.0,0.0,0,0,0,0,0,0,0
0,0,1,0,0,0.0,0.0,-0.5047,0,3,0,0,1,0,3
0,0,0,0,1,0.0,0.0,0.3421,1,1,0,0,1,1,1
0,0,0,0,2,0.0,0.0,-0.6808,1,3,0,0,1,1,3
0,0,0,0,0,0.0,0.0,-0.7003,0,2,0,0,1,0,2
0,1,0,0,0,0.6369,0.0,0.9814,6,0,0,1,0,6,0
0,0,0,0,0,0.0,0.0,-0.0516,1,1,1,0,1,1,1
0,1,0,0,0,0.0,0.0,0.0,0,0,0,0,0,0,0
0,0,0,0,0,0.0,0.0,-0.5719,0,1,0,0,1,0,1
0,0,0,0,0,0.0,0.0,0.0,0,0,0,0,0,0,0
0,0,0,0,0,0.0,0.0,0.3612,1,0,0,0,1,1,0
0,0,0,0,0,0.0,0.0,0.3612,1,0,0,0,1,1,0
0,0,0,0,0,0.0,0.0,0.6124,2,0,0,0,1,2,0
0,0,0,0,0,0.0,0.3182,0.3182,1,0,0,0,1,1,0
0,2,0,0,2,0.0,0.0,0.8602,2,0,0,0,1,2,0
0,0,0,0,24,0.0,0.0,0.9592,5,1,0,3,1,5,1
0,0,0,0,0,0.0,0.0,0.0387,1,0,0,0,1,1,0
0,0,0,0,1,0.0,0.0,-0.5106,0,1,0,1,1,0,1
0,1,0,0,2,0.0,0.0,-0.5719,0,1,0,0,1,0,1
0,0,0,0,1,0.0,0.4588,0.936,5,0,0,0,1,5,0
0,2,0,0,0,0.0,0.0,0.7096,2,1,0,0,1,2,1
0,0,0,0,2,0.0,0.0,-0.1531,2,2,0,0,1,2,2
0,0,0,0,0,0.0,0.0,0.7717,3,0,0,0,1,3,0
0,0,0,0,2,0.0,0.0,-0.3612,1,1,0,0,1,1,1
0,0,0,0,0,0.0,0.0,-0.6808,0,1,0,0,1,0,1
0,0,1,0,0,0.0,0.0,0.0,0,0,0,0,0,0,0
0,0,0,0,1,0.4588,0.0,0.841,1,0,0,0,0,1,0
0,2,0,0,0,0.0,0.0,0.9485,5,0,0,0,1,5,0
0,0,0,0,0,0.0,0.0,0.0,0,0,0,0,0,0,0
0,0,1,0,0,0.0,0.0,-0.5426,2,1,1,0,1,2,1
0,0,0,0,0,0.0,-0.1779,0.3597,1,1,0,1,1,1,1
0,0,0,0,0,0.0,0.0,0.9022,3,0,1,0,1,3,0
0,0,0,0,0,0.0,0.0,-0.6124,0,1,0,0,1,0,1
0,1,0,0,1,0.0,0.0,0.7783,2,0,0,0,1,2,0
0,0,0,0,0,0.0,0.0,0.0,0,0,0,0,0,0,0
0,0,0,0,0,0.0,0.0,0.5719,1,0,0,0,1,1,0
0,0,0,2,2,0.0,0.0,0.8072,3,2,0,0,1,3,2
0,0,0,0,1,0.0,0.0,0.7964,2,0,0,0,1,2,0
0,0,0,0,0,0.0,0.0,-0.4767,1,2,0,0,1,1,2
0,0,0,0,1,0.0,0.0,0.7717,3,0,0,0,1,3,0
0,0,0,0,0,0.0,0.0,0.0,0,0,0,0,0,0,0
0,0,0,0,1,0.0,0.0,0.9201,2,0,0,0,1,2,0
0,1,0,0,1,0.0,0.0,0.7351,2,1,0,0,1,2,1
0,0,0,0,0,0.0,0.0,0.4215,1,0,0,0,1,1,0
0,0,0,0,0,0.0,0.0,0.0,0,0,0,0,0,0,0
0,0,0,0,0,0.0,0.0,-0.656,0,1,0,0,1,0,1
0,0,0,0,0,0.0,0.0,0.8158,3,0,0,1,1,3,0
0,0,0,0,0,0.0,0.0,0.0,0,0,0,0,0,0,0
0,0,0,0,0,0.0,-0.5106,-0.7269,0,2,0,0,1,0,2
0,2,0,0,3,0.0,0.0,0.5719,1,1,0,0,1,1,1
0,0,0,0,0,0.0,0.0,-0.5719,0,2,0,0,1,0,2
0,0,0,0,1,0.0,0.0,-0.2732,1,2,0,0,1,1,2
0,0,0,0,0,0.0,0.0,0.3557,2,1,0,0,1,2,1
0,0,0,0,0,0.0,0.0,-0.466,1,1,0,0,1,1,1
0,1,0,0,0,0.0,0.0,0.7964,2,0,0,0,1,2,0
0,0,0,0,1,0.0,0.0,0.9738,5,0,0,0,1,5,0
0,0,0,0,1,0.0,0.0,0.0,0,0,0,0,0,0,0
0,1,1,0,2,0.0,0.0,0.296,1,0,0,0,1,1,0
0,0,0,0,1,0.0,0.0,0.4114,4,2,0,0,1,4,2
0,0,0,0,0,0.0,0.0,-0.5574,0,1,1,0,1,0,1
0,0,0,0,0,0.0,0.0,-0.743,0,2,0,0,1,0,2
0,0,0,0,0,0.0,0.0,0.6249,1,0,0,0,1,1,0
0,0,0,0,0,0.0,0.0,0.8828,3,0,1,1,1,3,0
0,0,0,0,0,0.0,0.0,0.3384,2,1,0,0,1,2,1
0,2,1,1,4,0.0,0.0,0.5319,1,0,0,1,1,1,0
0,0,0,1,0,0.0,0.0,0.6249,1,0,0,0,1,1,0
0,0,0,0,0,0.0,0.0,-0.5719,0,1,0,0,1,0,1
0,1,0,0,0,0.0,0.0,0.0,0,0,0,0,0,0,0
0,0,0,0,0,0.0,0.0,-0.7906,0,3,0,0,1,0,3
0,2,0,0,5,0.0,0.0,0.9693,5,0,1,0,1,5,0
0,0,0,0,0,-0.0258,0.0,0.3804,1,0,0,1,1,1,0
0,0,0,0,1,0.0,0.0,0.7784,2,1,0,0,1,2,1
0,0,0,0,0,0.0,0.0,0.5719,1,0,0,0,1,1,0
0,0,0,0,0,0.0,0.0,0.0,0,0,0,1,0,0,0
0,0,0,0,1,0.0,0.0,0.6652,1,1,0,0,1,1,1
0,0,0,0,0,0.0,0.0,0.0,0,0,0,0,0,0,0
0,0,0,0,0,0.0,0.0,0.5859,1,0,1,0,1,1,0
0,0,0,1,0,0.0,0.0,0.0772,1,0,0,0,1,1,0
0,0,0,0,0,0.0,0.0,-0.357,1,0,0,0,1,1,0
0,0,0,0,0,0.0,0.0,-0.2903,0,2,0,0,1,0,2
0,0,0,1,0,0.4404,0.0,0.1531,0,1,0,2,1,0,1
0,0,0,0,1,0.0,0.0,0.0,0,0,0,0,0,0,0
0,0,0,0,1,0.0,0.0,-0.8225,0,2,2,0,1,0,2
0,0,0,0,0,0.0,0.0,-0.4404,2,1,0,0,1,2,1
0,0,0,0,1,0.0,0.0,0.0,0,0,0,0,0,0,0
0,0,0,0,1,0.0,0.0,0.0595,0,2,0,0,1,0,2
0,0,3,0,0,0.0,0.0,0.8555,4,1,0,0,1,4,1
0,0,0,0,1,0.0,0.0,0.0,0,0,0,0,0,0,0
0,0,0,0,0,0.0,0.0,0.5106,1,0,0,0,1,1,0
0,0,0,0,0,0.0,0.0,0.906,3,1,0,0,1,3,1
0,0,0,0,0,0.7184,0.0,0.9371,3,0,0,0,0,3,0
0,0,0,0,9,0.0,0.0,0.0665,2,0,0,0,1,2,0
0,0,0,0,0,0.0,0.0,-0.6597,0,1,0,0,1,0,1
0,0,0,0,1,0.9882,0.0,0.9916,2,0,0,0,0,2,0
0,0,0,0,1,0.0,0.0,0.1724,2,0,0,0,1,2,0
0,0,0,0,0,0.0,0.0,0.0,0,0,0,0,0,0,0
0,0,0,0,1,0.0,0.0,0.0,0,0,0,0,0,0,0
0,0,0,0,1,0.0,0.0,0.4351,4,1,1,3,1,4,1
0,0,0,0,5,0.0,0.0,0.0,0,0,0,0,0,0,0
0,0,0,0,1,0.0,0.0,-0.7351,0,2,0,0,1,0,2
0,0,0,0,1,0.0,0.0,0.128,1,1,0,0,1,1,1
0,0,0,0,0,0.0,0.0,-0.0516,2,1,1,0,1,2,1
0,4,2,0,4,0.0,0.0,-0.4939,1,2,0,0,1,1,2
0,0,0,0,0,0.0,0.0,0.4939,1,0,0,1,1,1,0
0,0,0,0,1,0.0,0.0,0.7003,0,0,0,0,0,0,0
0,1,0,0,0,0.0,0.0,-0.1537,0,1,0,0,1,0,1
0,0,0,0,0,0.0,0.0,0.0,0,0,1,0,0,0,0
0,0,0,0,0,0.0,0.0,-0.296,0,1,0,0,1,0,1
0,0,0,1,0,0.0,0.0,0.0,0,0,0,0,0,0,0
0,0,0,0,1,0.0,0.0,-0.8374,1,3,0,0,1,1,3
0,0,0,0,1,0.0,0.0,0.1779,3,3,1,1,1,3,3
0,2,0,0,1,0.0,0.0,0.7964,2,0,0,0,1,2,0
0,0,0,0,0,0.0,0.0,0.0,0,0,0,1,0,0,0
0,0,0,0,0,0.0,0.0,0.7351,2,0,0,0,1,2,0
0,0,0,0,1,0.0,0.0,0.0,0,0,0,0,0,0,0
0,0,0,0,0,0.0,0.0,0.2023,1,0,0,0,1,1,0
0,0,0,0,1,0.0,0.0,0.2366,2,3,0,0,1,2,3
0,0,0,0,1,0.0,0.0,0.7672,2,0,0,0,1,2,0
0,0,0,0,0,0.0,0.0,-0.1027,2,3,0,0,1,2,3
0,2,0,0,0,0.0,0.0,0.7964,2,0,0,0,1,2,0
0,0,0,0,0,0.0,0.0,0.9337,4,0,1,0,1,4,0
0,0,0,0,1,0.0,0.0,-0.0516,0,1,0,0,1,0,1
0,0,0,0,0,0.0,0.0,0.0,0,0,0,0,0,0,0
0,0,0,0,0,0.0,0.0,-0.0772,3,2,0,0,1,3,2
0,0,0,0,0,0.3182,0.0,0.926,4,0,0,0,0,4,0
0,2,0,0,0,0.0,0.0,0.5719,1,0,0,0,1,1,0
0,0,0,0,0,0.0,0.0,-0.4404,0,1,0,0,1,0,1
0,0,0,0,0,0.0,0.0,-0.3818,0,1,0,0,1,0,1
0,0,0,0,2,0.0,0.0,0.4588,0,0,0,1,1,0,0
0,0,1,0,1,0.0,0.0,-0.0402,0,2,0,0,1,0,2
0,0,0,0,12,0.0,0.0,0.3182,1,0,2,0,1,1,0
0,2,0,0,0,-0.8519,0.0,-0.2217,3,0,0,0,1,3,0
0,0,0,0,1,0.3818,0.0,0.6808,1,0,0,0,0,1,0
0,0,0,0,0,0.0,0.0,0.0,0,0,0,0,0,0,0
0,0,0,0,2,0.0,0.0,-0.0516,0,1,0,1,1,0,1
0,0,0,0,0,0.0,0.0,0.0,0,0,0,0,0,0,0
0,0,0,0,4,0.0,0.0,0.8926,3,0,0,0,1,3,0
0,0,0,0,1,0.0,0.0,0.7418,1,1,0,0,1,1,1
0,0,0,0,1,0.0,0.0,0.0,0,0,0,0,0,0,0
0,0,0,0,0,0.0,0.0,0.6369,1,0,0,0,1,1,0
0,0,0,1,1,0.0,0.0,0.5106,1,0,0,0,1,1,0
0,0,0,0,0,0.0,0.0,-0.692,2,2,0,0,1,2,2
0,0,0,0,1,0.4404,0.0,0.7964,1,0,0,0,0,1,0
0,2,0,0,0,0.0,0.0,0.6249,1,0,0,0,1,1,0
0,0,0,1,2,0.0,0.0,0.7845,2,1,0,0,1,2,1
0,0,0,0,1,0.0,0.0,0.0,0,0,0,0,0,0,0
0,0,0,0,0,0.0,0.0,0.0,0,0,0,1,0,0,0
0,0,0,1,2,0.0,0.0,0.7579,2,0,0,0,1,2,0
0,1,0,0,1,0.4588,0.0,0.6597,1,0,0,0,0,1,0
0,0,0,0,0,0.0,0.0,-0.8658,0,3,0,0,1,0,3
0,0,0,0,0,0.0,0.0,-0.5423,0,1,0,1,1,0,1
0,0,0,0,0,0.0,0.0,0.25,1,0,0,0,1,1,0
0,0,0,0,0,0.0,0.0,0.5178,1,2,0,0,1,1,2
0,0,0,0,0,0.0,0.0,0.0,0,0,0,1,0,0,0
0,0,0,0,1,0.0,0.0,0.0,0,0,0,0,0,0,0
0,0,0,0,1,0.0,0.0,-0.0772,1,1,0,0,1,1,1
0,0,0,0,0,0.0,0.0,0.0,0,0,0,0,0,0,0
0,0,0,0,1,0.0,0.0,0.5574,2,0,0,0,1,2,0
0,0,0,0,0,0.0,0.0,-0.357,1,0,0,0,1,1,0
0,0,0,0,2,0.4019,0.0,0.6771,1,1,0,0,0,1,1
0,0,0,0,0,0.0,0.0,0.6249,1,0,0,0,1,1,0
0,0,0,0,0,0.0,0.0,0.8625,2,1,0,0,1,2,1
0,0,0,0,0,0.0,0.0,0.6418,1,0,0,0,1,1,0
0,0,0,0,0,0.0,0.0,0.0,0,0,0,0,0,0,0
0,0,0,0,2,-0.7506,0.0,-0.34,2,0,0,0,1,2,0
0,0,0,0,0,0.0,0.0,-0.2249,2,0,0,0,1,2,0
0,0,0,0,1,0.0,0.0,0.0,0,0,0,0,0,0,0
0,0,0,0,0,0.0,0.0,0.6249,2,0,0,0,1,2,0
0,0,0,0,2,0.0,0.0,0.7717,2,0,0,0,1,2,0
0,0,0,1,0,0.0,0.0,-0.8519,1,4,0,0,1,1,4
0,0,0,0,0,0.0,0.0,0.2023,1,1,0,0,1,1,1
0,0,0,0,3,0.0,0.0,-0.7635,1,2,0,0,1,1,2
0,0,0,0,2,0.0,0.0,0.128,1,1,0,0,1,1,1
0,0,1,0,1,0.0,0.0,0.6682,1,0,0,1,1,1,0
0,0,0,0,0,0.0,0.0,0.5542,1,0,0,1,1,1,0
0,0,0,0,0,0.0,0.0,0.0,0,0,0,0,0,0,0
0,0,0,0,0,0.4404,0.0,-0.128,0,1,0,0,1,0,1
0,0,0,0,0,0.0,0.0,-0.7231,2,3,1,0,1,2,3
0,0,0,1,0,0.0,0.0,-0.5574,0,1,0,0,1,0,1
0,0,1,0,1,0.0,0.0,-0.7096,0,2,0,0,1,0,2
0,1,0,0,1,0.0,0.0,0.4588,1,0,0,0,1,1,0
0,0,0,0,0,0.0,0.0,0.0,0,0,0,0,0,0,0
0,0,0,0,1,0.0,0.0,0.0,0,0,0,0,0,0,0
0,1,0,0,0,0.0,0.0,0.9042,4,0,0,0,1,4,0
0,0,0,0,0,0.0,0.0,0.9041,1,0,0,0,1,1,0
0,0,0,0,0,0.0,0.0,-0.5574,0,1,0,0,1,0,1
0,0,0,0,1,0.0,0.0,0.7906,2,0,0,0,1,2,0
0,0,0,0,1,0.0,0.0,0.3612,1,0,0,0,1,1,0
0,0,0,1,1,0.0,0.0,-0.7456,1,3,0,0,1,1,3
0,0,0,0,1,0.0,0.0,0.5473,1,0,0,0,1,1,0
0,0,0,0,0,0.0,0.0,0.4404,1,0,0,0,1,1,0
0,0,0,0,2,0.0,0.0,0.0,0,0,0,0,0,0,0
0,0,0,0,3,0.0,0.0,-0.7579,0,2,0,0,1,0,2
0,0,0,0,3,0.0,0.0,-0.2263,1,1,0,1,1,1,1
0,0,0,0,0,0.0,0.0,0.4588,0,0,0,0,0,0,0
0,0,0,0,0,0.0,0.5859,0.5859,1,0,0,0,1,1,0
0,0,0,0,0,0.0,0.0,0.0,0,0,0,0,0,0,0
0,0,0,1,17,0.0,0.0,0.7906,2,0,0,0,1,2,0
0,0,0,0,1,0.0,0.0,0.1531,2,0,0,0,1,2,0
0,0,1,0,0,0.0,0.0,-0.1027,0,1,0,0,1,0,1
0,1,0,0,0,0.0,0.0,0.7184,2,0,0,0,1,2,0
0,0,0,0,2,0.0,0.0,-0.561,0,1,1,0,1,0,1
0,0,0,1,0,0.0,0.0,0.0,0,0,0,0,0,0,0
0,0,0,0,0,0.0,0.0,0.4939,1,0,0,0,1,1,0
0,0,0,0,0,0.0,0.0,0.5859,1,0,1,0,1,1,0
0,1,0,0,0,0.0,0.0,0.0,0,0,0,0,0,0,0
0,1,0,1,1,-0.4767,-0.4215,-0.3612,1,1,0,0,1,1,1
0,0,0,0,1,0.0,0.0,0.3612,1,0,0,0,1,1,0
0,0,0,0,0,0.0,0.0,0.0,0,0,0,0,0,0,0
0,0,0,0,1,0.0,0.0,0.0,0,0,0,0,0,0,0
0,0,0,0,2,0.0,0.0,-0.7906,0,2,0,1,1,0,2
0,0,0,0,0,0.0,0.0,-0.2732,1,1,0,0,1,1,1
0,1,0,0,0,0.0,0.0,0.0,0,0,0,0,0,0,0
0,0,0,0,0,0.0,0.0,0.3182,1,0,0,0,1,1,0
0,0,0,0,1,0.0,0.0,0.431,0,1,0,0,1,0,1
0,0,1,0,0,0.0,0.0,-0.5859,1,2,0,1,1,1,2
0,0,1,0,0,0.0,0.0,-0.5423,0,1,0,0,1,0,1
0,0,0,0,2,0.0,0.0,0.8176,3,0,0,0,1,3,0
0,0,0,0,0,0.0,0.0,0.8225,2,0,0,0,1,2,0
0,0,0,0,0,0.0,0.0,0.6369,1,0,0,0,1,1,0
0,0,0,0,4,0.0,0.0,0.4215,1,0,0,0,1,1,0
0,0,0,0,1,0.0,0.0,0.1531,1,1,0,0,1,1,1
0,2,0,0,1,0.0,0.0,0.8555,3,0,0,0,1,3,0
0,0,2,0,0,0.0,0.0,0.4588,1,0,0,0,1,1,0
0,0,0,0,0,0.0,0.0,0.9134,4,1,2,1,1,4,1
0,0,1,0,1,0.0,0.0,-0.5423,0,1,0,0,1,0,1
0,0,0,0,1,0.0,0.0,-0.5719,0,1,0,0,1,0,1
0,1,0,0,2,0.0,0.0,0.2263,1,0,1,0,1,1,0
0,0,0,0,2,0.0,0.0,-0.3624,2,2,0,0,1,2,2
0,0,0,0,0,0.0,0.0,0.5267,1,0,0,0,1,1,0
0,0,0,0,5,0.0,0.0,-0.5859,0,1,0,0,1,0,1
0,0,0,0,0,0.0,0.0,0.0,0,0,0,0,0,0,0
0,0,0,0,1,0.0,0.0,0.1027,1,1,0,2,1,1,1
0,0,0,0,0,0.0,0.0,-0.765,0,2,0,0,1,0,2
0,0,0,0,0,0.0,0.0,0.4019,1,0,0,0,1,1,0
0,0,1,0,0,0.0,0.0,0.9006,3,0,0,0,1,3,0
0,0,0,0,0,0.0,0.0,0.7783,2,0,0,0,1,2,0
0,0,0,0,1,0.0,0.0,-0.7096,1,2,0,0,1,1,2
0,0,0,0,0,0.0,0.0,0.8173,2,0,1,1,1,2,0
0,0,0,0,0,0.0,0.0,0.2023,1,1,0,0,1,1,1
0,0,0,0,1,0.0,0.0,0.0,0,0,0,0,0,0,0
0,2,0,0,0,0.0,0.0,0.8779,3,0,0,0,1,3,0
0,2,0,0,2,0.0,0.0,0.9029,3,0,0,0,1,3,0
0,0,0,0,3,0.7184,0.0,0.8176,1,0,0,0,0,1,0
0,0,0,0,1,0.0,0.0,0.0,0,0,0,0,0,0,0
0,0,0,0,1,0.0,0.0,-0.7579,0,2,0,0,1,0,2
0,0,0,0,0,0.0,0.0,0.5859,1,0,1,0,1,1,0
0,0,0,0,0,0.0,0.0,-0.3182,0,1,0,0,1,0,1
0,0,0,0,0,0.0,0.0,-0.5009,0,1,0,0,1,0,1
0,1,1,0,0,0.0,0.0,0.8225,3,0,0,0,1,3,0
0,0,0,0,0,0.0,0.0,-0.5777,0,1,0,0,1,0,1
0,0,0,2,0,0.0,0.0,0.9246,5,0,0,0,1,5,0
0,0,0,0,1,0.0,0.0,0.7964,3,0,0,0,1,3,0
0,0,0,0,0,0.6124,0.0,0.5859,1,2,0,0,1,1,2
0,0,0,0,0,0.0,0.0,-0.3875,1,0,0,0,1,1,0
0,0,0,0,1,0.0,0.0,0.2103,1,1,0,0,1,1,1
0,0,0,0,1,0.7184,0.0,0.1136,1,2,0,1,1,1,2
0,0,0,0,1,0.0,0.0,0.8225,3,0,0,0,1,3,0
0,0,0,0,3,0.0,0.0,0.7964,2,0,0,0,1,2,0
0,0,0,0,1,-0.4767,0.0,-0.0382,1,0,0,0,0,1,0
0,0,0,0,0,0.0,0.0,-0.5106,1,2,0,0,1,1,2
0,0,0,0,0,0.0,0.0,-0.7351,0,2,0,0,1,0,2
0,0,0,0,2,0.0,0.0,0.2955,2,0,0,1,1,2,0
0,0,0,1,0,0.0,0.0,0.0,0,0,0,1,0,0,0
0,0,0,0,0,0.0,0.0,0.0,0,0,0,0,0,0,0
0,0,0,0,1,0.0,0.0,0.0,0,0,0,0,0,0,0
0,0,0,0,1,0.0,0.0,0.3612,1,0,0,0,1,1,0
0,0,0,0,0,0.0,0.0,-0.7351,0,2,0,0,1,0,2
0,0,0,0,0,0.0,0.0,0.0,0,0,0,0,0,0,0
0,1,0,0,1,0.0,0.0,0.872,3,0,0,0,1,3,0
0,0,0,0,2,0.0,0.0,0.7034,1,0,0,1,1,1,0
0,1,0,0,0,0.0,0.0,0.8442,2,0,0,0,1,2,0
0,0,0,0,0,0.0,0.0,-0.8591,1,3,1,0,1,1,3
0,1,0,0,1,0.0,0.0,0.128,2,1,0,0,1,2,1
0,0,0,0,0,0.0,0.0,-0.1779,1,2,0,0,1,1,2
0,0,0,0,0,0.0,0.0,0.4728,2,1,0,1,1,2,1
0,0,0,0,0,0.0,0.0,-0.0772,0,1,0,0,1,0,1
0,0,0,0,2,0.0,0.0,-0.6739,1,2,0,0,1,1,2
0,0,0,0,0,0.6369,0.0,0.8555,1,0,0,0,0,1,0
0,0,0,0,1,0.0,0.0,0.9656,3,0,0,1,1,3,0
0,0,0,0,1,0.0,0.0,-0.7783,0,2,0,0,1,0,2
0,0,0,0,1,0.0,0.0,-0.34,0,1,0,0,1,0,1
0,0,0,0,0,0.0,0.0,-0.34,0,1,0,0,1,0,1
0,0,0,0,1,0.0,0.0,0.7264,2,0,0,0,1,2,0
0,0,0,0,1,0.0,0.0,0.6369,2,0,0,0,1,2,0
0,0,0,0,0,0.0,0.0,0.5994,2,0,1,0,1,2,0
0,0,1,0,0,0.0,0.0,0.6908,2,0,0,0,1,2,0
0,0,0,0,0,0.0,0.0,-0.1027,0,1,0,0,1,0,1
0,0,0,0,0,0.0,0.0,-0.5267,0,1,0,0,1,0,1
0,0,0,0,1,0.0,0.0,-0.5574,0,1,0,0,1,0,1
0,1,0,0,0,0.0,0.0,0.8271,2,0,0,0,1,2,0
0,0,0,0,0,0.0,0.0,0.5106,1,0,0,0,1,1,0
0,0,0,0,0,0.0,0.0,-0.8748,0,2,0,0,1,0,2
0,0,0,0,1,0.0,0.0,0.8286,3,0,0,0,1,3,0
0,0,0,0,0,0.0,0.0,-0.9153,0,3,0,0,1,0,3
0,0,0,0,2,0.0,0.0,0.7783,3,1,0,1,1,3,1
0,0,0,0,0,0.0,0.0,-0.4795,0,1,0,0,1,0,1
0,0,0,0,0,0.0,0.0,0.6369,1,0,0,0,1,1,0
0,0,0,0,0,0.0,-0.2263,-0.9061,0,4,0,2,1,0,4
0,0,0,0,0,0.0,0.0,-0.4101,2,2,0,0,1,2,2
0,1,0,0,0,0.0,0.0,-0.2755,1,0,0,1,1,1,0
0,0,0,0,0,0.6369,0.0,0.872,2,0,0,0,0,2,0
0,0,0,0,0,0.0,0.0,0.5859,1,0,1,0,1,1,0
0,0,0,0,0,0.0,0.0,0.6369,1,0,0,0,1,1,0
0,0,0,0,1,0.0,0.0,-0.34,0,1,0,0,1,0,1
0,2,0,0,0,0.0,0.0,0.8458,2,0,0,0,1,2,0
0,0,0,1,0,0.0,0.0,-0.4812,2,3,0,0,1,2,3
0,0,0,0,0,0.0,0.0,0.6369,1,0,0,0,1,1,0
0,1,0,1,0,0.0,0.0,0.2263,1,1,0,0,1,1,1
0,0,0,0,0,0.0,0.0,0.0,0,0,0,0,0,0,0
0,0,0,0,0,0.0,-0.2263,0.4527,1,1,0,0,1,1,1
0,0,0,0,2,0.0,0.0,0.0,0,0,0,0,0,0,0
0,0,0,0,0,0.0,0.0,0.0,0,0,0,0,0,0,0
0,0,0,0,0,0.0,0.0,-0.0717,1,2,0,1,1,1,2
0,0,0,0,0,0.0,0.0,0.3182,1,0,0,0,1,1,0
0,0,0,0,0,0.0,0.0,-0.5423,0,1,0,0,1,0,1
0,0,0,0,0,0.0,0.0,0.7506,2,0,0,0,1,2,0
0,0,0,0,0,0.0,0.0,0.0,0,0,0,0,0,0,0
0,0,0,0,0,0.0,0.0,0.0,0,0,0,0,0,0,0
0,0,0,0,0,0.0,0.0,0.3182,1,0,0,0,1,1,0
0,0,1,0,20,0.0,0.0,-0.1417,0,2,0,1,1,0,2
0,0,0,0,0,0.0,0.3182,-0.2411,1,0,0,0,1,1,0
0,0,0,0,0,0.0,0.0,0.3612,1,0,0,0,1,1,0
0,0,0,0,0,0.0,0.0,-0.5719,0,1,0,0,1,0,1
0,0,0,0,0,0.0,0.0,0.0,0,0,0,0,0,0,0
0,0,0,0,0,0.0,0.0,0.0772,1,1,0,0,1,1,1
0,0,0,0,0,0.0,0.0,0.8271,2,0,0,0,1,2,0
0,3,1,0,3,0.0,0.0,0.5473,1,0,0,1,1,1,0
0,0,0,0,1,0.7184,0.0,0.7184,0,0,0,0,1,0,0
0,0,0,0,1,0.0,0.0,0.6369,1,0,0,0,1,1,0
0,0,0,0,1,0.0,0.0,0.4404,2,1,0,0,1,2,1
0,0,0,0,5,0.0,0.0,-0.8243,1,2,0,0,1,1,2
0,0,0,0,0,0.0,0.0,0.4404,1,0,0,0,1,1,0
0,0,0,0,0,0.0,0.0,0.0,0,0,0,0,0,0,0
0,0,0,0,1,0.0,0.0,0.8038,2,0,0,0,1,2,0
0,0,0,0,0,0.0,0.0,-0.4215,0,1,0,0,1,0,1
0,0,0,0,3,0.0,0.0,-0.4939,0,1,0,0,1,0,1
0,0,0,0,0,0.0,0.0,0.6403,1,0,0,1,1,1,0
0,0,0,0,0,0.0,0.0,-0.6705,0,2,0,0,1,0,2
0,0,0,0,0,-0.7351,0.0,-0.7506,0,1,0,0,0,0,1
0,0,0,0,0,0.0,0.0,0.0,0,0,0,0,0,0,0
0,0,0,0,0,0.3612,0.0,0.3612,0,0,0,0,1,0,0
0,0,0,0,0,0.0,0.0,-0.2732,0,1,0,0,1,0,1
0,0,1,0,2,0.0,0.0,0.1779,2,2,0,0,1,2,2
0,0,0,0,0,0.0,0.0,0.8312,2,0,0,0,1,2,0
0,2,0,0,0,0.0,0.0,0.8479,2,0,0,0,1,2,0
0,0,0,0,0,0.0,0.0,0.743,2,0,0,1,1,2,0
0,0,0,0,0,0.0,0.0,0.4767,1,0,0,0,1,1,0
0,0,0,0,1,0.0,0.0,0.5574,2,0,0,0,1,2,0
0,0,0,0,0,0.0,0.0,-0.3875,1,0,0,0,1,1,0
0,0,0,0,3,0.0,0.0,-0.3885,1,1,0,0,1,1,1
0,0,0,0,0,0.0,0.0,0.0,0,0,0,0,0,0,0
0,0,0,0,0,0.0,0.0,0.0,0,0,0,0,0,0,0
0,0,0,1,1,0.0,0.0,0.0,0,0,0,0,0,0,0
0,0,0,0,1,0.0,0.0,0.8515,2,1,0,0,1,2,1
0,0,0,0,0,0.0,0.0,0.0,0,0,0,0,0,0,0
0,0,0,0,2,0.0,0.0,0.4919,2,1,0,0,1,2,1
0,0,0,0,0,0.0,0.0,-0.4019,0,1,0,0,1,0,1
0,0,0,0,0,0.0,0.0,0.4588,1,0,0,1,1,1,0
0,1,0,0,1,0.0,0.0,-0.2382,0,1,0,0,1,0,1
0,0,1,0,1,0.0,0.0,0.0,0,0,0,0,0,0,0
0,0,0,0,0,0.0,0.0,0.7906,3,0,0,0,1,3,0
0,0,0,0,0,0.4404,0.0,0.5118,1,1,0,2,0,1,1
0,0,0,0,1,0.0,0.0,-0.5994,0,1,0,0,1,0,1
0,0,0,0,0,0.0,0.0,-0.8402,0,2,0,0,1,0,2
0,1,0,0,11,0.0,0.0,0.7854,3,1,0,0,1,3,1
0,2,0,0,0,0.0,0.0,0.9432,5,0,1,0,1,5,0
0,0,0,0,0,0.0,0.0,0.5605,3,0,0,0,1,3,0
0,0,0,0,0,0.0,0.0,0.4122,1,1,0,0,1,1,1
0,0,0,0,1,0.0,0.0,0.7783,3,1,0,0,1,3,1
0,0,1,0,0,0.0,0.0,0.0,0,0,0,0,0,0,0
0,1,0,0,0,0.0,0.0,-0.4703,0,1,0,0,1,0,1
0,0,0,0,0,0.0,0.0,-0.2263,1,1,0,0,1,1,1
0,0,0,0,0,0.0,0.0,-0.1779,1,1,0,0,1,1,1
0,0,0,0,0,0.0,0.0,0.6369,2,0,0,0,1,2,0
0,0,0,0,2,0.0,0.0,0.0052,2,0,0,0,1,2,0
0,0,0,0,0,0.0,0.0,-0.6808,1,2,0,0,1,1,2
0,0,0,0,15,0.0,0.0,-0.0387,0,1,0,0,1,0,1
0,0,1,1,0,0.0,0.0,0.0,0,0,0,0,0,0,0
0,1,0,0,1,0.7003,0.0,0.9198,2,0,0,0,0,2,0
0,0,0,0,0,0.0,0.0,0.2023,1,0,0,0,1,1,0
0,0,0,0,0,0.0,0.0,-0.1531,0,1,0,0,1,0,1
0,0,0,0,0,0.0,0.0,0.0,0,0,0,0,0,0,0
0,1,0,0,3,0.0,0.0,0.6705,2,1,0,0,1,2,1
0,0,0,0,0,0.0,0.0,-0.3597,2,2,0,1,1,2,2
0,0,0,0,0,0.0,0.0,0.3818,2,1,0,0,1,2,1
0,0,0,1,1,0.0,0.0,-0.25,1,1,0,0,1,1,1
0,0,0,0,1,0.0,0.0,0.9451,6,0,0,1,1,6,0
0,0,0,0,0,0.0,0.0,-0.1531,0,1,0,0,1,0,1
0,0,0,0,0,0.0,0.0,-0.5859,0,1,0,0,1,0,1
0,0,0,0,27,0.0,0.0,0.0258,1,1,0,0,1,1,1
0,0,0,0,2,0.0,0.0,0.6369,2,0,0,0,1,2,0
0,1,1,0,3,-0.4939,0.0,0.4084,1,0,0,0,1,1,0
0,1,0,0,1,0.0,0.0,0.5719,1,0,0,0,1,1,0
0,0,0,0,0,0.0,0.0,0.0,0,0,0,0,0,0,0
0,0,0,0,0,0.0,0.0,0.7506,3,0,0,0,1,3,0
0,0,1,0,2,0.0,0.0,0.0,0,0,0,0,0,0,0
0,0,0,0,0,0.0,0.0,0.5994,2,0,0,0,1,2,0
0,0,0,0,0,0.0,0.0,-0.1293,1,2,0,0,1,1,2
0,0,0,0,0,0.0,0.0,0.0,0,0,0,0,0,0,0
0,0,1,0,0,0.0,0.0,0.5413,1,1,0,0,1,1,1
0,0,0,0,1,0.0,0.0,0.0,0,0,0,0,0,0,0
0,0,0,0,0,0.0,0.0,0.0,0,0,0,0,0,0,0
0,1,0,0,0,0.0,0.0,0.0,0,0,0,0,0,0,0
0,0,0,0,0,0.0,0.0,-0.8591,1,3,1,0,1,1,3
0,0,0,0,0,0.0,0.0,0.0,0,0,0,0,0,0,0
0,1,0,0,0,0.0,0.0,0.872,4,0,0,0,1,4,0
0,0,0,0,0,0.0,0.0,0.6369,1,0,0,0,1,1,0
0,0,0,0,1,0.0,0.0,0.8429,2,0,0,1,1,2,0
0,0,0,0,0,0.0,0.0,-0.2732,1,1,0,1,1,1,1
0,0,0,0,0,0.0,0.0,0.5106,1,0,0,0,1,1,0
0,0,0,0,0,0.0,0.0,0.5859,1,0,1,0,1,1,0
0,0,0,0,0,0.0,0.0,0.0,0,0,0,0,0,0,0
0,0,0,0,1,0.0,0.0,0.0,0,0,0,0,0,0,0
0,0,1,0,0,0.0,0.0,-0.8261,0,2,0,0,1,0,2
0,0,0,0,1,0.0,0.0,0.8779,3,0,0,0,1,3,0
0,0,0,0,1,0.0,0.0,0.6652,1,0,0,0,1,1,0
0,1,0,0,3,0.0,0.0,0.688,2,0,0,1,1,2,0
0,1,0,0,0,0.0,0.0,0.4404,1,0,0,0,1,1,0
0,0,0,0,1,0.0,0.0,0.836,2,0,0,0,1,2,0
0,0,1,0,1,0.0,0.0,0.1779,2,1,0,0,1,2,1
0,0,0,0,1,0.0,0.0,0.6369,1,0,0,0,1,1,0
0,0,0,0,0,0.0,0.0,0.3182,1,0,0,0,1,1,0
0,0,0,0,0,0.0,0.0,0.0,0,0,0,0,0,0,0
0,0,0,0,0,0.0,0.0,0.0644,0,1,0,0,1,0,1
0,0,0,0,1,0.0,0.0,0.9331,4,0,0,2,1,4,0
0,1,0,0,0,0.0,0.0,0.6124,2,0,0,0,1,2,0
0,0,0,0,0,0.0,0.0,0.0,0,0,0,0,0,0,0
0,0,0,0,0,0.0,0.0,0.0,0,0,0,1,0,0,0
0,0,0,0,0,0.0,0.0,0.6597,2,0,0,0,1,2,0
0,0,0,0,2,0.0,0.0,0.7848,2,1,0,0,1,2,1
0,0,0,0,1,0.0,0.0,0.0,0,0,0,1,0,0,0
0,0,1,0,0,0.8402,0.0,0.8402,0,0,0,0,1,0,0
0,0,0,1,0,0.8271,0.0,0.978,3,0,0,1,0,3,0
0,0,0,0,1,0.0,0.0,0.0772,1,0,0,0,1,1,0
0,1,0,0,0,0.0,0.0,0.7845,2,0,0,0,1,2,0
0,0,0,0,0,0.0,0.0,0.7964,2,0,0,0,1,2,0
0,0,2,1,5,0.0,-0.1779,-0.584,1,1,0,0,1,1,1
0,0,0,0,0,0.0,0.0,0.0,0,0,0,0,0,0,0
0,0,0,0,0,0.0,0.0,0.0,0,0,0,0,0,0,0
0,0,0,0,0,0.0,0.0,0.0,0,0,0,0,0,0,0
0,0,0,0,1,0.0,0.0,0.7906,2,0,0,0,1,2,0
0,0,1,0,0,0.0,0.0,-0.6369,0,2,0,0,1,0,2
0,0,1,0,0,0.0,0.0,0.0,1,0,0,0,0,1,0
0,0,0,0,0,0.0,0.0,0.0,0,0,0,0,0,0,0
0,0,0,0,0,0.0,0.0,-0.4019,0,1,0,0,1,0,1
0,0,0,0,2,0.0,0.0,-0.2023,1,1,0,0,1,1,1
0,0,0,0,0,0.0,0.0,-0.8074,0,3,0,0,1,0,3
0,0,0,0,0,0.0,0.0,0.0,0,0,0,0,0,0,0
0,0,0,0,1,0.0,0.0,0.4019,1,0,0,0,1,1,0
0,0,1,0,0,0.0,0.0,-0.5423,0,1,0,0,1,0,1
0,0,0,0,0,0.0,0.0,0.3566,1,1,0,1,1,1,1
0,0,0,0,0,0.0,0.0,0.7003,2,0,0,0,1,2,0
0,0,0,0,8,-0.9382,0.0,0.077,3,0,0,0,1,3,0
0,0,0,0,0,0.0,0.0,-0.4588,1,1,0,0,1,1,1
0,0,0,0,1,0.0,0.0,0.5267,1,0,0,0,1,1,0
0,0,2,0,0,0.0,0.0,0.7506,2,0,0,0,1,2,0
0,0,0,0,0,0.3818,0.0,0.7264,1,0,0,0,0,1,0
0,0,0,0,0,0.0,0.0,0.0,0,0,0,0,0,0,0
0,2,1,0,0,0.0,0.0,0.4404,1,0,0,0,1,1,0
0,0,0,0,0,0.0,0.0,0.4588,1,0,0,0,1,1,0
0,0,0,0,0,0.0,0.0,0.9001,3,0,0,0,1,3,0
0,0,0,0,0,0.0,0.0,0.0516,1,1,0,0,1,1,1
0,0,0,0,0,0.0,0.0,0.8402,3,0,0,0,1,3,0
0,1,0,0,7,0.0,0.0,0.5574,1,0,0,0,1,1,0
0,0,0,0,0,0.0,0.0,-0.3818,1,2,0,0,1,1,2
0,1,1,0,2,0.0,0.0,0.9571,5,0,0,0,1,5,0
0,0,0,0,1,0.0,0.0,0.2103,1,1,0,0,1,1,1
0,0,0,0,1,0.0,0.0,0.0,0,0,0,0,0,0,0
0,1,0,1,0,0.0,0.0,-0.34,0,1,0,1,1,0,1
0,0,0,0,1,0.0,0.0,0.0,0,0,0,1,0,0,0
0,1,0,0,0,0.0,0.0,0.7506,2,0,0,0,1,2,0
0,0,0,0,1,0.0,0.0,0.4404,1,0,0,0,1,1,0
0,0,0,0,1,0.0,0.0,0.7125,1,0,0,0,1,1,0
0,0,0,0,0,0.0,0.0,0.0,0,0,0,0,0,0,0
0,1,0,0,2,0.0,0.0,0.9022,3,0,0,0,1,3,0
0,0,0,0,0,0.0,0.0,0.0772,1,0,0,0,1,1,0
0,1,0,0,0,0.0,0.0,0.9117,3,0,0,1,1,3,0
0,0,0,0,0,0.0,0.0,-0.1779,1,1,0,0,1,1,1
0,0,0,0,0,0.0,0.0,0.0,0,0,0,0,0,0,0
0,0,0,0,6,0.802,0.0,0.9547,2,1,0,1,0,2,1
0,0,0,0,0,0.0,0.0,0.1531,1,1,0,0,1,1,1
0,0,0,0,3,0.0,0.0,-0.296,0,1,0,0,1,0,1
0,0,0,0,0,0.0,0.0,0.5267,2,0,0,0,1,2,0
0,0,0,1,0,0.0,0.0,-0.2382,0,1,0,0,1,0,1
0,0,0,1,0,0.0,0.0,0.6249,1,0,0,1,1,1,0
0,0,0,0,0,0.0,0.0,0.296,1,0,1,0,1,1,0
0,0,0,0,0,0.0,0.0,0.5267,2,0,0,0,1,2,0
0,0,0,0,0,0.0,-0.5423,-0.7935,1,3,0,0,1,1,3
0,0,0,0,0,0.0,0.0,0.8555,2,0,0,0,1,2,0
0,0,0,0,0,0.0,0.0,0.5106,1,0,0,0,1,1,0
0,0,0,0,0,0.0,0.0,0.4019,1,0,0,0,1,1,0
0,0,0,0,0,0.0,0.0,0.0,0,0,0,0,0,0,0
0,0,0,0,0,0.0,0.0,0.0,0,0,0,0,0,0,0
0,2,0,1,0,0.0,0.0,0.891,3,0,0,2,1,3,0
0,0,2,0,1,0.0,0.0,0.4404,2,0,0,1,1,2,0
0,0,1,0,0,0.0,0.0,-0.2235,1,0,1,0,1,1,0
0,0,0,0,0,0.0,0.0,0.0,0,0,0,0,0,0,0
0,0,0,0,0,0.0,0.0,0.0,0,0,0,0,0,0,0
0,3,0,0,1,0.0,0.0,0.296,1,1,0,0,1,1,1
0,0,0,0,0,0.0,0.0,0.0,0,0,0,0,0,0,0
0,0,0,0,0,0.0,0.0,0.4404,1,0,0,0,1,1,0
0,0,0,0,0,0.0,0.0,-0.6597,0,1,0,1,1,0,1
0,0,0,0,1,0.0,0.0,0.3612,2,1,0,0,1,2,1
0,0,0,0,2,0.0,0.0,0.6486,2,1,0,0,1,2,1
0,0,0,0,0,0.0,0.0,0.5106,1,1,0,0,1,1,1
0,0,0,1,0,0.0,0.0,0.0,0,0,0,1,0,0,0
0,1,0,0,0,0.0,0.0,0.6249,1,0,0,0,1,1,0
0,0,0,0,0,0.0,0.0,0.0,0,0,0,0,0,0,0
0,0,0,0,0,0.0,0.0,0.1027,1,1,0,0,1,1,1
0,0,0,0,2,0.0,0.0,0.4767,1,0,0,0,1,1,0
0,0,0,0,0,0.0,0.0,0.5267,1,0,1,0,1,1,0
0,0,0,0,0,0.0,0.0,0.1531,2,1,0,0,1,2,1
0,0,0,0,0,0.0,0.0,0.0,0,0,0,0,0,0,0
0,0,1,0,0,0.0,0.0,0.3612,1,0,0,0,1,1,0
0,0,2,0,0,0.0,0.0,-0.9451,0,4,0,0,1,0,4
0,0,0,1,3,0.0,0.0,-0.6597,1,3,0,0,1,1,3
0,1,0,0,1,0.3612,0.0,0.3612,0,0,0,0,1,0,0
0,0,0,0,0,0.0,0.0,0.0,0,0,0,0,0,0,0
0,0,0,0,0,0.0,0.0,0.7184,2,0,0,0,1,2,0
0,0,0,0,0,0.7506,0.0,0.9628,3,0,0,0,0,3,0
0,0,0,0,0,0.0,0.0,0.2732,1,1,0,1,1,1,1
0,0,0,0,0,0.0,0.0,0.0,0,0,0,0,0,0,0
0,0,0,0,0,0.0,0.0,-0.3182,0,1,0,0,1,0,1
0,0,0,0,0,0.0,0.0,0.0,0,0,0,0,0,0,0
0,0,0,0,1,0.0,0.0,0.7003,2,0,0,0,1,2,0
0,0,0,0,1,0.0,0.0,0.4442,3,0,0,0,1,3,0
0,0,0,0,1,0.0,0.0,0.0516,1,1,0,0,1,1,1
0,0,0,0,0,0.0,0.0,-0.0191,1,0,0,0,1,1,0
0,0,0,0,0,0.0,0.0,0.0,0,0,0,0,0,0,0
0,0,0,0,0,0.0,0.0,-0.659,0,1,0,1,1,0,1
0,0,0,0,0,0.0,0.0,-0.5719,0,1,0,0,1,0,1
0,1,0,1,2,0.0,0.0,0.7157,4,0,0,0,1,4,0
0,0,0,0,0,0.0,0.0,0.4215,1,0,0,0,1,1,0
0,0,0,0,0,0.4588,0.0,0.4588,0,0,0,0,1,0,0
0,0,0,0,0,0.0,0.0,0.6597,2,0,0,0,1,2,0
0,1,0,0,0,0.0,0.0,0.0,0,0,0,0,0,0,0
0,0,0,0,0,0.0,0.0,0.5106,1,0,0,0,1,1,0
0,0,0,0,1,0.0,0.0,0.0,0,0,0,0,0,0,0
0,0,0,0,1,0.0,0.0,0.6353,1,3,0,0,1,1,3
0,0,0,0,0,0.0,0.0,-0.4534,1,2,0,0,1,1,2
0,0,0,0,0,0.0,0.0,0.7906,2,0,0,0,1,2,0
0,0,1,0,0,0.0,0.0,0.0,0,0,0,0,0,0,0
0,0,0,0,0,0.0,0.0,0.8957,3,0,0,0,1,3,0
0,0,0,0,0,0.0,0.0,-0.4485,0,2,0,0,1,0,2
0,0,0,0,0,0.0,0.0,-0.7845,0,2,0,0,1,0,2
0,0,0,0,0,0.0,0.0,-0.5859,0,1,0,0,1,0,1
0,1,1,0,1,0.0,0.0,-0.5994,1,2,0,0,1,1,2
0,0,0,0,0,0.0,0.0,-0.5106,0,1,0,0,1,0,1
0,0,0,0,6,0.0,0.0,0.8143,2,0,0,0,1,2,0
0,0,0,0,0,0.0,0.0,0.765,3,1,0,0,1,3,1
0,3,0,0,4,0.0,0.0,0.8316,3,0,0,0,1,3,0
0,0,0,0,0,0.0,0.0,0.0,0,0,0,0,0,0,0
0,0,0,0,0,0.6369,0.0,0.8555,1,0,0,0,0,1,0
0,0,0,0,0,0.0,0.0,0.34,2,0,0,0,1,2,0
0,0,0,0,1,0.0,0.0,0.6369,1,0,0,0,1,1,0
0,0,0,1,0,0.0,0.0,0.8126,3,0,0,0,1,3,0
0,0,0,0,1,0.0,0.0,0.8225,2,0,0,0,1,2,0
0,0,0,0,0,0.0,0.0,0.0,0,0,0,0,0,0,0
0,0,0,0,0,0.0,0.0,0.6124,1,0,0,0,1,1,0
0,0,0,0,0,0.0,0.0,0.0,0,0,0,0,0,0,0
0,0,0,0,1,0.0,0.0,0.5994,2,0,0,0,1,2,0
0,0,0,0,0,0.0,0.0,0.0,0,0,0,0,0,0,0
0,0,0,0,1,0.0,0.0,0.6249,1,0,0,0,1,1,0
0,0,0,0,2,0.0,0.0,-0.6214,0,1,0,0,1,0,1
0,0,0,0,2,0.0,0.0,0.4019,1,0,0,0,1,1,0
0,0,0,0,1,0.0,0.0,0.0,0,0,0,0,0,0,0
0,1,0,0,0,0.0,0.0,0.5719,1,0,0,0,1,1,0
0,0,0,0,3,0.0,0.0,0.9567,6,0,0,1,1,6,0
0,0,0,2,0,0.0,0.0,-0.4588,1,2,0,0,1,1,2
0,0,0,0,2,0.0,0.0,0.3182,0,0,0,0,1,0,0
0,1,0,0,0,0.0,0.0,0.0803,3,2,0,0,1,3,2
0,0,0,0,1,0.0,0.0,0.0,0,0,0,0,0,0,0
0,0,1,0,0,0.0,0.0,0.2023,1,0,0,0,1,1,0
0,0,0,0,0,0.0,0.0,-0.0516,0,1,0,0,1,0,1
0,0,0,0,0,0.0,0.0,0.4404,1,1,0,0,1,1,1
0,0,0,0,0,0.0,0.0,0.7269,2,0,0,0,1,2,0
0,0,0,1,0,0.0,0.0,0.4767,1,0,0,0,1,1,0
0,0,0,0,0,0.0,0.0,-0.4993,2,2,0,0,1,2,2
0,0,0,1,1,0.0,0.0,0.0,0,0,0,0,0,0,0
0,0,0,0,0,0.0,0.0,0.0387,0,2,0,0,1,0,2
0,1,0,0,0,0.0,0.0,0.7873,2,1,0,0,1,2,1
0,0,1,0,1,0.0,0.0,-0.8591,0,3,0,0,1,0,3
0,0,0,0,2,0.0,0.0,-0.0516,0,1,0,0,1,0,1
0,0,0,0,0,0.0,0.0,0.4215,1,0,0,0,1,1,0
0,0,0,0,0,0.3182,0.0,0.9169,3,0,0,0,0,3,0
0,0,0,1,0,0.0,0.0,0.0,0,0,0,0,0,0,0
0,0,0,0,0,0.0,0.0,-0.3182,0,1,0,0,1,0,1
0,0,0,0,1,0.0,0.0,-0.7906,0,2,0,1,1,0,2
0,0,0,0,2,0.0,0.0,-0.8381,0,2,0,1,1,0,2
0,1,0,0,0,0.0,0.0,0.7506,3,0,0,0,1,3,0
0,0,0,0,0,0.0,0.0,-0.5423,0,1,0,0,1,0,1
0,2,0,0,1,0.0,0.0,0.7482,4,1,0,0,1,4,1
0,0,0,0,1,0.3818,0.0,0.875,2,0,0,0,0,2,0
0,0,0,0,0,0.0,0.0,0.7609,2,0,0,0,1,2,0
0,0,0,0,0,0.0,0.0,0.4939,1,0,0,0,1,1,0
0,0,0,0,0,0.0,0.0,0.4588,1,0,0,0,1,1,0
0,0,0,0,0,0.0,0.0,0.0,0,0,0,0,0,0,0
0,2,1,0,1,0.8807,0.0,0.9781,4,0,0,0,0,4,0
0,0,1,0,0,0.0,0.0,0.0,0,0,0,0,0,0,0
0,2,0,0,4,0.0,0.0,-0.9477,0,5,0,0,1,0,5
0,0,0,0,0,0.0,0.0,-0.4019,0,1,0,0,1,0,1
0,0,0,0,1,0.0,0.0,0.8807,4,0,0,0,1,4,0
0,0,0,0,2,0.0,0.0,-0.0772,0,1,0,0,1,0,1
0,0,0,0,0,0.0,0.0,-0.6124,0,2,0,0,1,0,2
0,0,1,0,1,0.0,0.0,-0.024,1,1,0,1,1,1,1
0,0,0,0,1,0.4404,0.0,0.7351,1,0,0,0,0,1,0
0,0,0,0,0,0.0,0.0,0.5423,3,1,0,0,1,3,1
0,0,0,0,1,0.0,0.0,-0.25,0,1,0,0,1,0,1
0,0,0,0,0,0.0,0.0,0.2732,1,0,1,0,1,1,0
0,0,0,0,0,0.0,0.0,0.5106,1,0,0,0,1,1,0
0,1,2,0,1,-0.7351,0.0,-0.5836,1,1,1,2,1,1,1
0,0,0,0,1,0.0,0.0,-0.4019,0,1,0,0,1,0,1
0,0,0,0,0,0.7003,0.0,0.8176,1,0,0,0,0,1,0
0,0,0,0,0,0.0,0.0,0.3182,1,0,0,0,1,1,0
0,0,0,0,1,0.0,0.0,-0.5719,0,2,0,0,1,0,2
0,0,1,0,0,0.0,-0.5423,-0.6956,0,1,0,0,1,0,1
0,0,0,0,5,0.0,0.0,0.9196,2,0,1,0,1,2,0
0,0,0,0,0,0.0,0.0,0.6948,1,0,0,0,1,1,0
0,0,0,0,0,0.0,0.0,0.2732,2,1,1,0,1,2,1
0,0,0,0,0,0.0,0.0,0.4404,1,0,0,0,1,1,0
0,0,0,0,0,0.0,0.0,0.7783,3,0,0,0,1,3,0
0,0,0,0,1,0.0,0.0,0.0,0,0,0,0,0,0,0
0,0,0,0,0,0.0,0.0,0.7402,2,0,0,0,1,2,0
0,0,0,0,10,0.0,0.0,0.3071,1,1,0,0,1,1,1
0,0,0,0,1,0.0,0.0,-0.7906,0,2,0,1,1,0,2
0,0,0,0,0,0.0,0.0,0.0,0,0,0,0,0,0,0
0,0,0,0,0,0.0,0.0,0.5994,1,0,0,0,1,1,0
0,0,0,0,0,0.0,0.0,-0.34,0,1,0,0,1,0,1
0,1,0,0,1,0.0,0.0,0.0,0,0,0,1,0,0,0
0,0,0,0,0,0.0,0.0,0.3724,0,1,0,1,1,0,1
0,0,0,0,0,0.0,0.0,-0.5423,0,1,0,0,1,0,1
0,0,0,0,0,0.0,0.0,0.4215,1,0,0,0,1,1,0
0,0,0,0,0,0.0,0.0,0.5095,1,2,0,0,1,1,2
0,0,0,0,1,0.0,0.0,0.6204,1,0,1,0,1,1,0
0,0,0,0,0,0.0,0.0,0.0,0,0,0,1,0,0,0
0,0,0,0,1,0.891,0.0,0.9141,1,1,0,0,0,1,1
0,0,2,0,2,0.0,0.0,-0.34,0,1,0,0,1,0,1
0,0,0,0,1,0.0,0.0,-0.1531,0,1,0,0,1,0,1
0,0,0,0,0,0.0,0.0,0.802,2,0,0,1,1,2,0
1,0,0,0,0,0.0,-0.2263,0.1531,1,1,0,0,1,1,1
1,0,0,0,1,0.0,0.0,0.6281,2,1,0,0,1,2,1
1,0,0,1,0,0.0,0.0,-0.2263,0,1,0,0,1,0,1
1,0,0,0,0,0.0,-0.2263,-0.1531,1,1,0,0,1,1,1
1,0,0,0,0,0.0,-0.2263,-0.2263,0,1,0,0,1,0,1
1,0,0,0,2,0.0,-0.2263,-0.5413,0,3,0,1,1,0,3
1,0,0,0,1,0.0,-0.2263,-0.2263,0,1,0,0,1,0,1
1,0,0,0,0,0.0,0.0,0.0,0,0,0,0,0,0,0
1,4,0,0,1,0.4588,-0.2263,0.5423,1,1,0,0,0,1,1
1,1,0,0,1,0.0,0.0,0.0516,2,3,0,0,1,2,3
1,0,0,0,0,0.4404,-0.2263,-0.5468,1,3,0,0,1,1,3
1,0,0,0,0,0.0,-0.2263,0.6801,2,1,0,0,1,2,1
1,0,2,0,0,0.0,-0.2263,-0.2263,0,1,0,0,1,0,1
1,0,0,0,0,0.0,-0.2263,0.7183,4,1,0,0,1,4,1
1,0,0,0,0,0.0,-0.2263,0.7003,2,1,0,0,1,2,1
1,0,0,0,0,0.0,0.0,0.0,0,0,0,0,0,0,0
1,0,0,0,1,0.0,-0.2263,-0.2263,0,1,0,0,1,0,1
1,2,0,0,1,0.0,0.0,0.4215,1,0,1,0,1,1,0
1,0,0,0,0,0.9517,0.0,0.9559,2,1,0,0,0,2,1
1,0,0,0,1,0.0,0.0,0.2023,1,0,0,0,1,1,0
1,0,0,0,2,0.0,-0.2263,-0.6369,0,2,0,0,1,0,2
1,1,0,1,3,0.4588,0.0,0.8933,2,1,1,0,0,2,1
1,0,0,0,0,0.0,0.0,-0.34,0,1,0,0,1,0,1
1,0,0,1,1,0.0,0.0,0.7318,1,1,0,0,1,1,1
1,0,0,0,25,0.0,-0.2263,0.09,1,4,0,1,1,1,4
1,0,0,0,0,0.0,-0.2263,-0.5574,1,3,2,0,1,1,3
1,0,0,0,0,0.0,0.0,0.5574,1,0,0,0,1,1,0
1,0,0,0,0,0.0,-0.2263,-0.1779,2,4,0,0,1,2,4
1,0,0,0,2,0.0,0.0,0.354,1,2,0,0,1,1,2
1,0,0,0,0,0.0,0.0,-0.3535,0,1,0,0,1,0,1
1,0,0,0,0,0.0,-0.2263,-0.6908,1,3,0,0,1,1,3
1,0,0,0,2,0.0,0.0,0.5106,2,1,0,0,1,2,1
1,1,0,0,1,0.7184,0.0,0.9246,2,1,0,0,0,2,1
1,1,0,0,2,0.0,-0.2263,-0.2263,0,1,0,0,1,0,1
1,0,1,0,0,0.0,0.0,0.1779,1,1,0,0,1,1,1
1,0,0,0,0,0.0,0.0,0.0,0,0,0,0,0,0,0
1,0,0,0,0,0.0,0.0,0.5334,0,2,0,0,1,0,2
1,0,0,0,0,0.0,0.0,-0.6705,0,2,0,1,1,0,2
1,0,0,0,0,0.0,0.0,0.0772,1,0,0,0,1,1,0
1,0,0,0,0,0.0,0.0,-0.3237,0,2,0,0,1,0,2
1,0,0,0,0,0.5574,-0.2263,0.6908,1,2,0,0,0,1,2
1,0,1,0,0,0.0,-0.2263,-0.765,0,2,0,0,1,0,2
1,0,1,0,0,0.0,0.0,-0.3089,1,1,0,0,1,1,1
1,0,0,0,2,0.0,0.0,0.4215,1,0,0,0,1,1,0
1,0,0,0,1,0.0,0.0,-0.5583,3,3,0,0,1,3,3
1,0,0,0,1,0.0,0.0,0.1695,0,1,0,0,1,0,1
1,0,0,0,0,0.0,0.0,0.3818,1,0,0,0,1,1,0
1,0,0,1,0,0.0,0.0,0.1695,0,1,0,0,1,0,1
1,0,0,2,1,0.4588,-0.2263,0.1779,0,2,0,0,1,0,2
1,0,0,1,1,0.0,0.0,0.4393,0,3,0,0,1,0,3
1,0,0,0,2,0.0,-0.2263,-0.7579,1,3,0,0,1,1,3
1,0,0,0,4,0.0,-0.2263,-0.0258,1,4,0,0,1,1,4
1,0,0,1,1,0.0,0.0,-0.2263,0,1,0,0,1,0,1
1,0,0,0,1,0.0,-0.2263,-0.7097,2,3,0,0,1,2,3
1,0,0,0,1,0.0,-0.2263,-0.2263,0,1,0,0,1,0,1
1,1,0,0,0,0.0,0.0,0.1695,0,1,0,1,1,0,1
1,1,0,0,0,0.0,0.0,0.3781,2,1,0,0,1,2,1
1,0,0,0,2,0.0,-0.2263,0.4019,1,2,0,0,1,1,2
1,0,0,1,0,0.0,-0.2263,-0.8402,0,4,1,0,1,0,4
1,0,0,0,0,0.0,0.0,-0.1779,1,1,0,1,1,1,1
1,0,0,0,0,0.0,0.0,0.8006,2,1,0,0,1,2,1
1,0,0,0,3,0.0,-0.2263,0.25,1,1,0,0,1,1,1
1,0,0,0,1,-0.3182,0.0,-0.4939,0,1,0,1,0,0,1
1,0,0,0,0,0.0,0.0,0.3612,1,0,0,0,1,1,0
1,0,0,0,0,0.0,-0.2263,-0.3612,1,2,0,0,1,1,2
1,1,0,0,2,0.0,0.0,-0.3919,1,2,0,0,1,1,2
1,0,0,0,0,0.0,0.0,0.1695,0,1,0,0,1,0,1
1,0,0,0,0,0.0,0.0,0.1695,0,1,0,0,1,0,1
1,0,0,0,2,0.0,0.0,0.7065,1,1,0,0,1,1,1
1,0,1,0,1,0.0,-0.2263,-0.4404,0,2,0,1,1,0,2
1,0,0,0,1,0.0,-0.2263,-0.5574,0,3,0,0,1,0,3
1,0,0,1,0,0.0,0.0,0.7003,2,0,0,0,1,2,0
1,0,0,0,0,0.0,-0.2263,0.296,1,2,0,0,1,1,2
1,0,0,1,0,0.0,-0.2263,0.3182,1,2,0,0,1,1,2
1,0,0,0,0,0.0,0.0,-0.1511,1,1,0,0,1,1,1
1,0,0,0,1,0.0,-0.2263,-0.6152,1,2,0,0,1,1,2
1,0,0,0,0,0.8126,-0.2263,0.25,0,3,0,0,1,0,3
1,0,0,0,0,0.0,0.0,-0.1531,1,1,0,0,1,1,1
1,0,0,0,1,0.0,-0.2263,-0.8143,0,4,2,0,1,0,4
1,0,0,0,2,0.0,-0.2263,-0.765,0,2,0,0,1,0,2
1,0,1,0,1,0.0,0.0,-0.1531,1,1,0,1,1,1,1
1,0,0,0,0,0.0,0.0,0.5106,2,1,0,0,1,2,1
1,0,0,0,0,0.0,0.0,0.4019,1,0,0,0,1,1,0
1,0,0,0,0,0.0,-0.2263,-0.3291,0,1,0,1,1,0,1
1,0,0,0,0,0.0,0.0,-0.4019,0,1,0,0,1,0,1
1,0,0,1,0,0.0,0.0,0.608,1,1,0,0,1,1,1
1,0,0,0,1,0.0,0.0,0.0,0,0,0,0,0,0,0
1,0,0,0,1,0.0,0.0,-0.1779,2,2,1,1,1,2,2
1,1,1,0,0,0.0,0.0,-0.2263,0,1,0,0,1,0,1
1,2,0,0,0,0.0,0.0,0.4939,1,1,0,0,1,1,1
1,0,0,0,0,0.4404,-0.2263,0.5423,1,1,0,0,0,1,1
1,0,0,0,0,0.0,0.0,0.0,0,0,0,1,0,0,0
1,0,0,0,2,0.0,-0.2263,-0.4767,0,2,0,1,1,0,2
1,1,0,0,1,0.0,-0.2263,-0.3291,0,1,0,0,1,0,1
1,0,0,0,2,0.0,0.0,0.0,1,1,0,1,0,1,1
1,0,0,2,0,0.0,-0.2263,0.1695,0,1,0,0,1,0,1
1,0,0,0,0,0.0,-0.2263,0.5106,1,1,0,0,1,1,1
1,0,0,0,1,0.0,-0.2263,0.5106,1,1,0,0,1,1,1
1,0,1,0,1,0.0,-0.2263,0.25,1,1,0,0,1,1,1
1,0,0,0,0,0.0,0.0,0.8376,1,2,0,0,1,1,2
1,0,0,0,4,0.0,-0.2263,0.5233,2,2,0,0,1,2,2
1,0,0,0,0,0.0,0.0,0.0,0,0,0,0,0,0,0
1,0,0,0,2,0.0,0.0,0.5213,1,1,0,0,1,1,1
1,0,0,0,0,0.0,0.0,0.024,1,1,0,1,1,1,1
1,0,0,0,0,0.0,-0.2263,0.3515,1,3,0,0,1,1,3
1,0,0,0,3,0.0,0.0,0.1027,1,1,0,0,1,1,1
1,0,0,0,1,0.0,-0.2263,-0.1779,1,2,0,1,1,1,2
1,0,0,0,0,0.0,0.0,0.5267,1,0,0,0,1,1,0
1,0,0,0,3,0.0,-0.2263,-0.0,1,2,0,0,0,1,2
1,0,1,0,0,0.0,0.0,-0.6705,1,2,0,0,1,1,2
1,0,0,0,1,0.0,-0.2263,0.046,1,2,0,0,1,1,2
1,0,0,1,0,0.0,0.0,-0.1366,0,2,0,0,1,0,2
1,0,0,0,0,0.0,0.0,-0.0366,1,3,0,0,1,1,3
1,0,0,0,0,0.0,-0.2263,-0.296,1,2,0,0,1,1,2
1,0,1,0,1,0.0,-0.2263,-0.1531,1,1,1,0,1,1,1
1,0,0,0,0,0.0,0.0,-0.6124,0,3,0,0,1,0,3
1,0,0,0,0,0.0,-0.2263,-0.6908,1,3,0,0,1,1,3
1,0,1,0,0,0.0,0.0,-0.2263,0,1,0,0,1,0,1
1,0,1,0,1,0.0,0.0,0.7184,2,1,0,0,1,2,1
1,0,0,0,2,0.0,0.0,-0.5088,1,2,0,0,1,1,2
1,0,0,0,0,0.0,0.0,-0.3182,0,1,0,0,1,0,1
1,0,0,0,1,0.0,0.0,-0.6303,1,2,0,0,1,1,2
1,0,0,0,1,0.0,0.0,0.0,0,0,0,0,0,0,0
1,0,0,0,0,0.0,-0.2263,-0.2263,0,1,0,0,1,0,1
1,0,0,0,0,0.0,-0.2263,0.0516,1,1,1,0,1,1,1
1,1,0,0,0,0.0,-0.2263,0.2263,1,1,0,0,1,1,1
1,0,0,0,0,0.0,0.0,-0.2263,0,1,0,1,1,0,1
1,1,0,0,1,0.0,0.0,-0.2263,0,1,0,0,1,0,1
1,0,0,0,1,0.0,-0.2263,-0.3612,1,2,0,0,1,1,2
1,0,0,0,4,0.0,-0.2263,-0.8442,0,4,0,0,1,0,4
1,0,0,0,0,0.0,-0.2263,-0.3472,0,3,0,0,1,0,3
1,0,1,0,1,0.0,-0.2263,-0.7506,0,2,0,0,1,0,2
1,0,0,0,0,0.0,-0.2263,-0.4788,0,3,0,0,1,0,3
1,0,0,0,1,0.0,0.0,0.0,0,0,0,0,0,0,0
1,2,0,0,0,0.0,0.0,0.1695,0,1,0,0,1,0,1
1,0,0,0,0,0.0,0.0,0.5574,2,0,0,0,1,2,0
1,2,0,0,1,0.0,0.0,0.7877,2,2,1,0,1,2,2
1,0,0,0,0,0.0,0.0,0.567,1,1,0,0,1,1,1
1,0,0,0,0,0.0,-0.2263,-0.7096,0,2,0,0,1,0,2
1,0,0,0,0,0.0,0.0,0.0,0,0,0,0,0,0,0
1,0,1,0,1,0.1531,-0.2263,0.3612,2,4,0,0,0,2,4
1,0,0,0,0,0.0,-0.2263,0.8413,3,2,0,0,1,3,2
1,0,0,0,0,0.0,0.0,0.6249,1,0,0,0,1,1,0
1,0,0,0,0,0.0,-0.2263,0.6124,2,2,0,0,1,2,2
1,1,0,0,0,0.0,-0.2263,0.25,1,1,0,0,1,1,1
1,0,0,0,0,0.0,0.0,-0.5781,1,2,0,0,1,1,2
1,0,0,0,1,0.0,0.0,-0.0461,2,1,0,1,1,2,1
1,0,0,0,1,0.4404,-0.2263,0.8519,2,1,0,0,0,2,1
1,0,0,0,0,0.0,-0.2263,0.3612,1,1,0,0,1,1,1
1,0,0,0,0,0.0,-0.2263,-0.0387,0,3,0,0,1,0,3
1,0,0,0,0,0.0,0.0,0.3626,2,1,0,0,1,2,1
1,0,0,0,0,0.0,0.0,0.5267,2,0,0,0,1,2,0
1,0,1,0,0,0.0,-0.2263,0.1531,1,1,0,0,1,1,1
1,0,1,0,0,0.0,0.0,0.0,0,0,0,0,0,0,0
1,2,3,0,9,0.0,-0.2263,0.9266,5,1,0,0,1,5,1
1,0,0,0,0,0.0,-0.2263,-0.4019,1,3,0,0,1,1,3
1,1,0,1,1,0.0,-0.2263,-0.4215,1,2,0,0,1,1,2
1,0,0,0,0,0.0,0.0,-0.2732,0,1,0,0,1,0,1
1,0,0,0,0,0.0,0.0,0.5267,1,0,0,0,1,1,0
1,0,0,0,0,0.0,-0.2263,-0.9038,1,5,0,0,1,1,5
1,0,0,0,0,0.0,0.0,0.4019,1,0,0,0,1,1,0
1,0,0,0,0,0.0,-0.2263,0.3182,1,1,0,0,1,1,1
1,0,0,0,0,0.0,-0.2263,-0.7579,0,3,0,1,1,0,3
1,0,0,0,0,0.0,-0.2263,-0.2505,3,2,0,0,1,3,2
1,0,0,0,0,0.0,0.0,0.0,0,0,0,0,0,0,0
1,0,0,0,0,0.3612,-0.2263,0.1531,0,1,0,0,1,0,1
1,0,1,1,0,0.0,0.0,0.4215,1,2,0,0,1,1,2
1,0,0,0,0,0.0,-0.2263,0.4767,2,1,0,0,1,2,1
1,0,0,0,0,0.0,0.0,0.5948,3,2,0,0,1,3,2
1,0,0,0,1,0.0,-0.2263,-0.3291,0,1,0,0,1,0,1
1,0,0,0,1,0.0,-0.2263,0.296,1,1,0,0,1,1,1
1,0,0,3,2,0.0,-0.2263,0.25,1,1,0,0,1,1,1
1,0,0,0,0,0.0,0.0,-0.5719,0,1,0,0,1,0,1
1,1,0,0,0,0.0,0.0,-0.3818,0,1,0,0,1,0,1
1,0,1,0,1,0.0,0.0,-0.1139,1,1,0,0,1,1,1
1,0,0,0,1,0.3612,0.0,0.7241,1,2,1,0,0,1,2
1,0,0,0,0,0.0,-0.2263,-0.6124,0,2,0,0,1,0,2
1,0,0,0,0,0.0,0.0,-0.2263,0,1,0,0,1,0,1
1,0,0,0,1,0.0,-0.2263,-0.7402,0,3,0,1,1,0,3
1,0,0,0,0,0.0,-0.2263,-0.2263,0,1,0,0,1,0,1
1,0,0,0,4,0.0,-0.2263,-0.765,0,2,0,0,1,0,2
1,0,0,0,0,0.0,0.0,0.4215,2,1,0,1,1,2,1
1,0,0,0,0,0.0,-0.2263,0.5106,1,1,0,0,1,1,1
1,0,1,0,1,0.0,-0.2263,-0.2263,0,1,0,0,1,0,1
1,0,0,0,0,0.0,-0.2263,0.5267,3,1,0,0,1,3,1
1,0,0,1,0,0.0,0.0,0.5948,1,1,0,0,1,1,1
1,0,0,0,1,0.0,0.0,0.7506,2,0,0,0,1,2,0
1,0,0,0,0,0.0,0.0,0.0772,1,0,0,0,1,1,0
1,0,0,0,2,0.0,0.0,-0.3182,0,1,0,0,1,0,1
1,0,0,0,0,0.0,0.0,0.0,0,0,0,0,0,0,0
1,0,0,0,1,0.0,-0.2263,-0.2565,3,2,0,0,1,3,2
1,0,0,0,0,0.0,-0.2263,-0.2263,0,1,0,0,1,0,1
1,0,0,0,1,0.0,-0.2263,0.4823,1,1,0,0,1,1,1
1,0,0,0,0,0.0,0.0,0.5948,2,1,1,0,1,2,1
1,0,1,0,1,0.0,-0.2263,-0.2263,0,2,0,0,1,0,2
1,0,0,0,0,0.0,-0.2263,-0.1531,1,1,0,2,1,1,1
1,0,0,0,0,0.0,-0.2263,0.6597,2,1,1,0,1,2,1
1,0,0,0,0,0.0,-0.2263,-0.2263,0,1,0,0,1,0,1
1,0,1,0,0,0.0,0.0,0.1027,1,1,0,0,1,1,1
1,0,0,0,1,0.0,0.0,0.4881,1,1,0,0,1,1,1
1,0,0,0,0,0.0,-0.2263,-0.8399,0,4,0,0,1,0,4
1,1,0,0,1,0.0,0.0,0.656,2,1,1,0,1,2,1
1,0,0,1,1,0.0,0.0,0.1808,3,1,1,0,1,3,1
1,0,0,0,1,0.0,-0.2263,-0.25,1,3,0,1,1,1,3
1,0,0,0,1,0.0,-0.2263,-0.1531,1,1,0,0,1,1,1
1,1,0,0,0,0.0,0.0,-0.4402,1,1,0,0,1,1,1
1,0,0,0,0,0.0,0.0,0.1531,1,2,0,0,1,1,2
1,0,0,0,0,0.0,-0.2263,-0.1027,1,2,0,1,1,1,2
1,0,0,0,0,0.0,-0.2263,-0.2263,0,1,0,0,1,0,1
1,0,0,0,0,0.0,0.0,0.0,0,0,0,0,0,0,0
1,0,0,0,0,0.0,0.0,0.8176,3,0,2,0,1,3,0
1,0,0,0,0,0.0,0.0,0.2263,1,1,0,0,1,1,1
1,0,0,0,5,0.0,0.0,0.0,0,0,0,0,0,0,0
1,0,0,0,0,0.0,-0.2263,-0.2263,0,1,0,0,1,0,1
1,0,0,0,1,0.0,-0.2263,-0.1119,2,1,0,0,1,2,1
1,0,0,0,0,0.0,-0.2263,-0.2263,0,1,0,0,1,0,1
1,0,0,1,0,0.0,0.0,0.296,1,0,1,0,1,1,0
1,0,0,0,1,0.0,0.0,0.2263,1,0,0,0,1,1,0
1,0,0,0,1,0.0,-0.2263,-0.0258,1,2,0,0,1,1,2
1,0,0,0,0,0.0,0.0,-0.296,0,1,0,0,1,0,1
1,0,0,0,1,0.0,0.0,-0.4033,1,2,0,0,1,1,2
1,0,0,0,0,0.0,0.0,0.3612,1,0,0,0,1,1,0
1,0,0,0,0,0.0,0.0,0.0,0,0,0,0,0,0,0
1,3,0,0,0,0.0,-0.2263,0.9435,7,4,0,0,1,7,4
1,0,0,3,1,0.0,-0.2263,0.9484,5,1,0,2,1,5,1
1,0,0,0,0,0.0,0.0,0.0,0,0,0,0,0,0,0
1,1,1,0,0,0.0,0.0,0.5106,1,1,0,0,1,1,1
1,1,0,0,0,0.0,-0.2263,0.5106,1,1,0,0,1,1,1
1,0,0,0,0,0.0,0.0,0.6428,1,1,0,0,1,1,1
1,0,0,0,0,0.0,0.0,-0.6597,0,1,0,0,1,0,1
1,0,0,0,1,0.0,-0.2263,-0.5267,1,2,0,0,1,1,2
1,0,0,0,0,0.0,-0.2263,-0.2263,0,1,0,0,1,0,1
1,0,0,0,0,0.0,0.0,0.7096,3,2,0,0,1,3,2
1,0,0,0,0,0.0,0.0,0.0,0,0,0,0,0,0,0
1,0,0,0,1,0.0,0.0,0.0,0,0,0,0,0,0,0
1,0,1,1,3,0.0,-0.2263,0.25,2,2,0,0,1,2,2
1,1,0,0,0,0.0,0.0,0.4019,1,1,0,0,1,1,1
1,0,0,0,1,0.0,-0.2263,0.3947,0,1,0,0,1,0,1
1,0,0,0,0,0.0,0.0,0.5245,1,1,0,0,1,1,1
1,0,0,0,2,0.0,-0.2263,-0.4767,0,2,0,0,1,0,2
1,0,0,0,0,0.0,0.0,-0.5423,0,1,0,0,1,0,1
1,0,0,0,2,0.0,-0.2263,-0.1406,1,1,0,0,1,1,1
1,0,0,0,0,0.0,0.0,0.5523,1,1,0,0,1,1,1
1,0,0,0,0,0.0,0.0,0.1695,0,1,0,0,1,0,1
1,0,0,0,0,0.0,-0.2263,-0.4767,0,2,0,0,1,0,2
1,0,0,0,0,0.0,-0.2263,-0.6908,0,3,0,0,1,0,3
1,0,0,0,1,0.0,0.0,0.0,0,0,0,0,0,0,0
1,0,0,0,0,0.7184,-0.2263,0.7579,1,1,0,0,0,1,1
1,0,0,0,3,0.0,-0.2263,0.961,0,20,0,0,1,0,20
1,0,0,0,0,0.0,0.0,0.0,0,0,0,0,0,0,0
1,0,0,0,0,0.0,0.0,0.7065,1,1,0,0,1,1,1
1,0,0,0,0,0.0,0.0,-0.6249,0,2,0,0,1,0,2
1,1,0,1,0,0.0,0.0,0.6906,1,3,0,0,1,1,3
1,0,0,0,0,0.0,-0.2263,-0.5647,1,2,0,0,1,1,2
1,0,0,0,1,0.0,0.0,0.8196,2,0,0,1,1,2,0
1,0,0,0,0,0.0,0.0,-0.5267,0,1,0,0,1,0,1
1,0,0,0,0,0.0,-0.2263,-0.4782,1,1,0,0,1,1,1
1,0,0,0,0,0.0,-0.2263,0.1531,1,1,0,1,1,1,1
1,0,0,0,0,0.0,-0.2263,-0.6932,0,3,0,0,1,0,3
1,0,0,0,0,0.0,0.0,0.4168,0,2,0,0,1,0,2
1,0,0,0,0,0.0,0.0,0.0,0,0,0,1,0,0,0
1,0,0,1,0,0.0,0.0,0.7279,2,1,0,1,1,2,1
1,0,0,0,0,0.0,-0.2263,-0.5346,0,2,0,0,1,0,2
1,0,0,0,1,0.0,-0.2263,-0.3291,0,1,0,0,1,0,1
1,0,0,0,0,0.4404,-0.2263,-0.0516,0,2,0,0,1,0,2
1,2,0,0,1,0.0,-0.2263,0.3612,2,1,1,1,1,2,1
1,0,0,0,0,0.0,0.0,0.7351,1,2,0,0,1,1,2
1,0,0,0,0,0.0,0.0,-0.6597,0,1,0,0,1,0,1
1,0,0,0,2,0.0,-0.2263,-0.2263,0,1,0,0,1,0,1
1,0,0,0,0,0.0,0.0,-0.7627,0,4,0,0,1,0,4
1,0,0,0,1,0.0,-0.2263,-0.0031,0,2,0,0,1,0,2
1,0,0,0,22,0.0,-0.2263,0.1613,2,2,0,0,1,2,2
1,0,0,0,0,0.0,0.0,-0.2263,0,1,0,1,1,0,1
1,0,0,0,1,0.0,0.0,0.7555,2,1,0,0,1,2,1
1,0,0,0,0,0.0,0.0,0.296,1,0,1,0,1,1,0
1,0,0,0,4,0.3612,-0.2263,-0.0049,3,1,0,0,1,3,1
1,0,0,0,0,0.0,0.0,0.6021,1,1,0,0,1,1,1
1,0,0,0,1,0.0,-0.2263,-0.1779,1,2,0,0,1,1,2
1,0,0,0,0,0.4588,-0.2263,-0.0026,1,1,0,0,1,1,1
1,0,0,0,1,0.0,-0.2263,0.8255,2,1,1,0,1,2,1
1,0,1,0,0,0.0,-0.2263,-0.6124,1,2,0,0,1,1,2
1,1,0,1,2,0.0,0.0,0.6369,1,0,0,0,1,1,0
1,0,0,0,0,0.0,-0.2263,-0.3291,0,1,0,1,1,0,1
1,0,0,0,2,0.0,0.0,0.5213,1,1,0,0,1,1,1
1,0,1,0,0,0.0,-0.2263,-0.7717,0,3,1,0,1,0,3
1,0,0,0,0,0.0,0.0,0.4101,1,0,1,0,1,1,0
1,0,0,0,0,0.0,-0.2263,-0.2263,0,1,0,0,1,0,1
1,0,0,0,0,0.0,0.0,0.6486,2,0,0,0,1,2,0
1,0,0,0,1,0.0,-0.2263,-0.128,2,2,0,0,1,2,2
1,0,0,2,0,0.0,-0.2263,-0.2263,0,1,0,0,1,0,1
1,0,0,0,1,0.0,-0.2263,-0.8402,1,3,1,0,1,1,3
1,0,0,0,0,0.0,0.0,0.4588,1,0,0,0,1,1,0
1,0,0,0,0,0.0,-0.2263,-0.7906,1,3,1,0,1,1,3
1,0,0,0,0,0.0,0.0,0.7065,1,1,0,0,1,1,1
1,0,0,0,9,0.0,-0.2263,-0.2263,0,1,0,0,1,0,1
1,0,0,0,0,0.0,-0.2263,-0.6562,1,3,0,0,1,1,3
1,0,0,0,0,0.0,-0.2263,-0.4588,2,2,0,0,1,2,2
1,0,0,0,0,0.0,-0.2263,-0.0498,1,1,0,0,1,1,1
1,0,0,1,1,0.0,0.0,0.4707,2,3,0,0,1,2,3
1,0,0,0,1,-0.4767,0.0,0.7054,1,1,0,0,1,1,1
1,0,0,0,0,0.0,0.0,0.296,1,0,0,0,1,1,0
1,0,1,0,1,0.4404,-0.2263,0.6096,2,2,0,0,0,2,2
1,0,0,1,1,0.0,-0.2263,0.5106,1,1,0,0,1,1,1
1,0,0,0,0,0.0,0.0,0.0624,2,0,0,0,1,2,0
1,0,0,0,1,0.0,-0.2263,-0.5116,1,1,0,0,1,1,1
1,0,0,0,0,0.0,-0.2263,-0.4998,1,1,0,0,1,1,1
1,0,0,0,1,-0.2732,0.0,0.357,0,1,0,0,1,0,1
1,0,0,0,0,0.0,0.0,-0.6124,0,3,0,0,1,0,3
1,1,0,0,2,0.4588,-0.2263,0.8563,3,1,0,0,0,3,1
1,0,1,0,0,0.0,0.0,0.1779,2,1,0,0,1,2,1
1,0,0,0,1,0.0,0.0,0.3612,1,0,0,0,1,1,0
1,0,0,0,0,0.0,0.0,0.6369,1,0,0,0,1,1,0
1,2,0,0,0,0.0,0.0,0.6124,2,1,0,0,1,2,1
1,0,0,0,1,0.0,0.0,0.4956,1,2,1,0,1,1,2
1,0,0,0,2,0.0,0.0,0.9341,1,2,0,0,1,1,2
1,0,0,0,0,0.0,-0.2263,-0.2263,0,1,0,0,1,0,1
1,0,0,0,0,0.0,-0.2263,-0.2011,0,3,0,0,1,0,3
1,0,0,1,2,0.0,0.0,0.1695,0,1,0,0,1,0,1
1,0,0,1,1,0.0,-0.2263,-0.6249,1,2,0,0,1,1,2
1,0,2,0,13,0.0,-0.2263,0.3254,1,1,0,0,1,1,1
1,0,0,0,0,0.0,-0.2263,-0.2263,0,1,0,0,1,0,1
1,0,0,0,1,0.0,0.0,-0.6418,0,1,0,0,1,0,1
1,0,0,0,0,0.0,-0.2263,0.34,2,2,0,0,1,2,2
1,0,1,0,3,0.0,0.0,-0.2263,0,1,0,0,1,0,1
1,0,0,1,2,0.0,0.0,0.6908,2,0,0,0,1,2,0
1,0,0,0,2,0.0,0.0,-0.2263,0,1,0,1,1,0,1
1,0,1,1,0,0.0,0.0,-0.2263,0,1,0,0,1,0,1
1,0,0,0,0,0.0,0.0,0.0,0,0,0,0,0,0,0
1,0,1,0,0,0.0,-0.2263,0.7964,2,1,0,0,1,2,1
1,1,0,0,1,0.6705,0.0,-0.0705,0,1,0,0,0,0,1
1,0,0,0,1,0.0,0.0,0.0,0,0,0,0,0,0,0
1,0,0,0,0,0.0,0.0,0.2023,1,1,0,0,1,1,1
1,1,0,0,0,0.0,0.0,-0.296,0,1,0,0,1,0,1
1,0,0,0,3,0.0,-0.2263,-0.25,1,3,0,0,1,1,3
1,0,0,0,1,0.0,0.0,-0.3071,1,1,0,0,1,1,1
1,0,0,0,1,0.0,-0.2263,0.3182,2,1,0,0,1,2,1
1,0,0,1,0,0.0,-0.2263,-0.5719,0,2,0,0,1,0,2
1,0,0,0,2,0.0,-0.2263,-0.5885,1,1,0,1,1,1,1
1,0,0,0,1,0.0,0.0,0.0,0,0,0,0,0,0,0
1,0,0,0,2,0.0,-0.2263,0.1091,1,2,0,0,1,1,2
1,0,0,0,1,0.0,0.0,0.8256,3,1,2,0,1,3,1
1,0,0,0,0,0.0,-0.2263,0.0516,1,2,0,0,1,1,2
1,0,0,0,0,0.0,-0.2263,0.4404,1,1,0,0,1,1,1
1,0,0,0,1,0.0,0.0,0.5523,1,1,0,0,1,1,1
1,0,0,0,1,0.0,-0.2263,0.7964,2,1,0,0,1,2,1
1,0,0,0,0,0.0,-0.2263,-0.34,1,3,1,0,1,1,3
1,0,0,0,1,0.0,0.0,0.0,0,0,0,0,0,0,0
1,1,0,0,2,0.7003,0.0,0.4774,1,2,0,0,1,1,2
1,0,0,0,0,0.0,-0.2263,-0.2598,1,3,0,0,1,1,3
1,0,0,0,0,0.0,-0.2263,0.1495,2,1,0,1,1,2,1
1,0,0,0,2,0.0,0.0,0.1293,2,2,0,0,1,2,2
1,0,0,0,1,0.0,-0.2263,-0.3818,0,2,0,0,1,0,2
1,0,0,0,0,0.0,0.0,-0.3182,2,2,1,0,1,2,2
1,0,0,0,1,0.0,0.0,0.1695,0,1,0,0,1,0,1
1,0,1,0,0,0.0,-0.2263,0.5106,1,1,0,0,1,1,1
1,0,0,0,0,0.0,0.0,0.0,0,0,0,0,0,0,0
1,0,0,0,0,0.0,-0.2263,0.3535,1,1,0,0,1,1,1
1,0,0,0,0,0.4215,-0.2263,0.7311,2,1,0,1,0,2,1
1,0,1,0,0,0.0,-0.2263,-0.6381,1,2,0,0,1,1,2
1,0,0,0,0,0.0,0.0,0.3182,1,1,0,0,1,1,1
1,1,0,0,0,0.0,-0.2263,-0.2263,0,1,0,0,1,0,1
1,0,0,0,1,0.0,-0.2263,0.6808,1,1,0,0,1,1,1
1,2,0,0,0,0.0,-0.2263,-0.4606,1,1,0,0,1,1,1
1,0,0,0,0,0.0,0.0,0.0,0,0,0,0,0,0,0
1,0,0,0,0,0.0,0.0,0.9094,3,2,0,0,1,3,2
1,0,0,0,2,0.0,-0.2263,0.1962,1,1,0,0,1,1,1
1,0,0,0,3,0.0,0.0,0.0,0,0,0,0,0,0,0
1,1,0,0,1,0.0,0.0,0.4629,1,1,0,0,1,1,1
1,0,0,0,0,0.0,0.0,0.5267,1,0,0,0,1,1,0
1,1,0,0,0,0.8271,0.0,0.7783,0,1,0,0,1,0,1
1,0,0,0,1,0.0,-0.2263,0.8056,2,1,0,0,1,2,1
1,1,0,0,0,0.0,-0.2263,0.2263,1,2,0,0,1,1,2
1,0,0,0,0,0.0,-0.2263,-0.296,1,2,0,0,1,1,2
1,0,0,0,1,0.0,-0.2263,0.5106,1,1,0,0,1,1,1
1,0,0,0,0,0.0,0.0,0.6369,2,1,0,0,1,2,1
1,0,0,0,3,0.0,0.0,0.1695,0,1,0,0,1,0,1
1,0,0,0,0,0.0,0.0,0.0,0,0,0,0,0,0,0
1,0,0,1,1,0.0,0.0,-0.2263,0,1,0,0,1,0,1
1,0,0,0,2,0.0,-0.2263,-0.1027,1,2,0,0,1,1,2
1,0,0,0,0,0.0,0.0,0.7906,3,1,0,0,1,3,1
1,0,0,0,0,0.0,0.0,0.0,0,0,0,0,0,0,0
1,1,0,0,2,0.0,0.0,-0.4767,0,1,0,0,1,0,1
1,0,0,0,0,0.0,0.0,0.0,0,0,0,0,0,0,0
1,0,0,0,0,0.6705,0.0,0.882,1,1,0,0,0,1,1
1,0,0,0,0,0.0,0.0,0.6669,1,1,0,0,1,1,1
1,0,0,0,0,0.9517,-0.2263,0.9246,1,2,0,0,1,1,2
1,0,0,0,0,0.0,-0.2263,0.0183,1,2,0,1,1,1,2
1,0,1,0,2,0.0,0.0,0.2263,1,1,0,0,1,1,1
1,0,0,0,0,0.0,0.0,0.9005,2,2,0,0,1,2,2
1,0,0,0,0,0.0,-0.2263,-0.5267,1,2,0,0,1,1,2
1,0,0,0,1,0.0,0.0,-0.2263,0,1,0,0,1,0,1
1,0,0,0,0,0.0,0.0,0.5563,1,0,0,1,1,1,0
1,0,0,0,1,0.0,0.0,-0.25,0,1,0,0,1,0,1
1,0,0,0,0,0.6908,-0.2263,0.8563,2,1,0,1,0,2,1
1,0,0,0,0,0.0,0.0,0.3182,1,0,0,0,1,1,0
1,0,0,0,6,0.0,0.0,0.5023,2,2,0,0,1,2,2
1,0,0,0,0,0.0,0.0,0.5719,1,0,0,0,1,1,0
1,0,0,0,3,0.4404,-0.2263,0.8225,2,2,0,0,0,2,2
1,0,0,1,3,-0.5106,0.0,-0.7269,3,3,0,0,0,3,3
1,1,0,0,0,0.0,-0.2263,0.2006,1,1,0,0,1,1,1
1,0,0,0,0,-0.967,-0.2263,-0.9494,2,1,0,0,1,2,1
1,0,0,0,0,0.0,-0.2263,0.3182,1,2,0,0,1,1,2
1,0,0,0,0,0.0,-0.2263,-0.2261,1,1,0,1,1,1,1
1,0,0,0,1,0.0,0.0,0.7065,1,1,0,1,1,1,1
1,0,0,0,2,-0.4767,0.0,-0.575,0,1,0,0,0,0,1
1,0,0,0,2,0.0,-0.2263,0.5106,1,1,0,1,1,1,1
1,1,0,0,0,0.0,-0.2263,-0.8853,1,3,0,1,1,1,3
1,0,0,0,1,0.0,-0.2263,-0.5409,0,4,0,0,1,0,4
1,1,1,1,0,0.0,-0.2263,-0.4767,1,2,0,0,1,1,2
1,0,0,0,0,0.0,-0.2263,0.6486,2,1,0,0,1,2,1
1,0,1,0,1,0.0,-0.2263,0.25,1,1,0,0,1,1,1
1,0,0,0,0,-0.25,-0.2263,-0.4404,0,1,0,0,0,0,1
1,0,0,0,0,0.0,-0.2263,-0.6369,1,3,0,0,1,1,3
1,0,0,0,1,0.0,-0.2263,0.0516,1,2,0,0,1,1,2
1,1,0,0,2,0.0,-0.2263,0.1531,2,3,0,0,1,2,3
1,0,1,1,1,0.0,-0.2263,0.6597,2,1,1,0,1,2,1
1,0,0,0,2,0.0,0.0,-0.1779,0,1,0,0,1,0,1
1,0,0,0,0,0.0,-0.2263,-0.1169,0,2,0,0,1,0,2
1,0,1,0,4,0.0,-0.2263,0.5766,1,1,0,0,1,1,1
1,0,0,0,1,0.0,0.0,0.3612,1,0,0,0,1,1,0
1,0,0,0,0,0.0,0.0,-0.2505,0,4,0,0,1,0,4
1,0,0,0,0,0.0,0.0,-0.6486,0,1,0,0,1,0,1
1,0,0,0,1,0.0,0.0,-0.4606,2,2,0,0,1,2,2
1,0,0,0,0,0.0,0.0,0.0,0,0,0,0,0,0,0
1,0,0,0,1,0.0,-0.2263,0.0516,1,1,0,0,1,1,1
1,0,0,0,0,0.0,-0.2263,-0.1366,0,2,0,0,1,0,2
1,0,0,0,1,0.0,-0.2263,-0.4767,0,2,0,0,1,0,2
1,0,0,0,0,0.0,-0.2263,0.9371,4,1,0,0,1,4,1
1,0,0,0,1,0.0,-0.2263,0.5346,1,3,0,0,1,1,3
1,0,0,0,0,0.0,0.0,0.0,0,0,0,0,0,0,0
1,0,0,0,0,0.7184,-0.2263,0.7845,1,1,0,0,0,1,1
1,1,0,0,0,0.0,0.0,0.6329,2,1,0,0,1,2,1
1,1,0,0,1,0.0,0.0,-0.7906,1,3,0,0,1,1,3
1,1,0,0,0,0.0,-0.2263,-0.7269,0,3,0,0,1,0,3
1,0,0,0,1,0.0,-0.2263,-0.0475,1,5,1,0,1,1,5
1,0,0,0,10,0.0,-0.2263,0.8468,2,1,0,0,1,2,1
1,0,0,0,0,0.0,0.0,0.0,0,0,0,0,0,0,0
1,2,0,0,0,0.0,0.0,-0.5713,1,2,0,0,1,1,2
1,0,0,0,0,0.0,0.0,-0.5267,1,1,0,0,1,1,1
1,0,0,0,0,0.0,-0.2263,0.5574,2,2,0,0,1,2,2
1,0,0,0,1,0.0,0.0,0.3818,1,0,0,0,1,1,0
1,0,0,1,0,0.8271,0.0,0.8543,0,1,0,0,0,0,1
1,0,0,0,0,0.0,-0.2263,-0.2023,1,2,0,0,1,1,2
1,0,0,0,0,0.0,0.0,-0.6908,0,1,0,0,1,0,1
1,0,0,0,1,0.0,-0.2263,0.3612,1,1,1,0,1,1,1
1,0,0,0,0,0.0,0.0,0.608,1,1,0,0,1,1,1
1,0,1,0,0,0.0,-0.2263,-0.296,1,2,0,0,1,1,2
1,0,0,0,1,0.4404,-0.2263,0.7351,1,1,0,0,0,1,1
1,0,0,0,0,0.0,0.0,-0.34,1,2,0,0,1,1,2
1,0,0,0,1,0.0,0.0,-0.1779,1,2,0,0,1,1,2
1,0,0,0,0,0.0,-0.2263,-0.1541,0,2,0,0,1,0,2
1,0,0,0,0,0.0,-0.2263,0.6222,2,1,0,0,1,2,1
1,0,0,0,0,0.0,0.0,0.1695,0,1,0,0,1,0,1
1,0,0,0,2,0.0,0.0,0.7065,1,1,0,0,1,1,1
1,0,1,0,0,0.0,-0.2263,0.7964,4,1,1,0,1,4,1
1,0,0,0,0,0.0,-0.2263,-0.3182,0,2,0,0,1,0,2
1,0,0,0,0,0.0,0.0,0.0,0,0,0,0,0,0,0
1,0,0,0,0,0.0,-0.2263,0.5106,1,1,0,0,1,1,1
1,0,0,0,0,0.0,0.0,0.0,0,0,0,0,0,0,0
1,0,0,0,0,0.0,-0.2263,0.0,2,2,0,0,0,2,2
1,2,0,0,0,0.0,-0.2263,0.4939,1,1,0,0,1,1,1
1,0,0,0,1,0.0,-0.2263,0.4215,2,2,0,0,1,2,2
1,0,0,0,0,0.0,0.0,0.4767,1,0,0,0,1,1,0
1,0,0,0,0,0.0,-0.2263,-0.6361,0,3,0,0,1,0,3
1,0,0,0,2,0.0,-0.2263,-0.4005,1,2,0,0,1,1,2
1,0,0,0,0,0.0,-0.2263,-0.2263,0,1,0,0,1,0,1
1,1,0,0,3,0.0,-0.2263,-0.1027,2,2,0,0,1,2,2
1,0,0,0,0,0.0,0.0,0.4937,2,2,0,1,1,2,2
1,0,0,0,0,0.0,-0.2263,-0.8119,2,6,0,0,1,2,6
1,0,0,0,0,0.0,-0.2263,-0.1027,2,3,0,0,1,2,3
1,0,0,0,1,0.0,0.0,0.5106,1,0,0,0,1,1,0
1,0,0,0,0,0.0,0.0,0.2732,1,0,1,0,1,1,0
1,1,0,0,1,0.0,0.0,0.7065,1,1,0,0,1,1,1
1,0,0,0,0,0.4588,-0.2263,0.6124,1,1,0,0,0,1,1
1,0,0,0,0,0.0,0.0,0.3818,1,0,0,0,1,1,0
1,0,0,0,0,0.0,0.0,0.5096,0,3,0,0,1,0,3
1,0,0,0,0,0.0,-0.2263,-0.1531,1,1,0,1,1,1,1
1,0,0,0,0,0.0,-0.2263,-0.3472,0,2,0,0,1,0,2
1,0,1,0,0,0.0,0.0,-0.2263,0,2,0,0,1,0,2
1,0,0,0,0,0.0,0.0,0.4149,1,1,1,0,1,1,1
1,0,0,0,0,0.0,0.0,0.663,2,2,0,0,1,2,2
1,0,0,0,1,0.0,0.0,0.0772,1,0,0,1,1,1,0
1,0,0,0,0,0.0,0.0,0.4404,1,0,0,0,1,1,0
1,0,0,0,0,0.0,0.0,-0.2263,0,1,0,1,1,0,1
1,0,0,0,1,0.0,-0.2263,-0.2263,0,1,0,0,1,0,1
1,0,1,0,0,0.4404,0.0,0.8056,1,1,0,0,0,1,1
1,1,0,0,0,0.0,0.0,0.434,1,2,0,0,1,1,2
1,0,0,0,1,0.0,-0.2263,-0.6769,1,2,0,0,1,1,2
1,0,0,0,1,0.0,0.0,0.0,0,0,0,0,0,0,0
1,0,0,0,20,0.0,-0.2263,0.7241,2,1,0,0,1,2,1
1,0,0,0,2,0.0,-0.2263,-0.2732,1,2,0,0,1,1,2
1,0,1,0,0,0.0,-0.2263,-0.2177,1,1,0,1,1,1,1
1,0,0,0,0,0.0,0.0,0.5828,3,0,0,0,1,3,0
1,0,0,0,3,0.0,-0.2263,-0.2263,0,1,0,1,1,0,1
1,0,0,0,2,0.0,-0.2263,-0.2263,0,1,0,0,1,0,1
1,0,0,0,1,0.0,-0.2263,-0.6597,0,2,0,0,1,0,2
1,1,0,0,0,0.0,0.0,-0.9171,1,5,1,0,1,1,5
1,0,0,0,3,0.0,-0.2263,0.597,1,4,0,0,1,1,4
1,0,0,0,0,0.0,0.0,-0.5859,0,1,0,0,1,0,1
1,0,0,0,0,0.0,-0.2263,-0.6597,0,2,0,0,1,0,2
1,0,0,0,0,0.0,0.0,0.3612,1,0,0,1,1,1,0
1,0,0,0,1,0.0,0.0,0.34,1,1,1,0,1,1,1
1,0,0,0,0,0.0,-0.2263,-0.4939,1,3,0,0,1,1,3
1,1,0,0,1,0.0,-0.2263,0.6597,2,1,0,0,1,2,1
1,0,0,0,1,0.0,0.0,0.296,1,1,0,0,1,1,1
1,0,0,0,1,0.0,0.0,-0.1877,1,1,0,0,1,1,1
1,0,0,0,0,-0.5106,0.0,0.8469,2,1,0,0,1,2,1
1,0,0,0,0,0.0,-0.2263,0.1531,1,1,1,0,1,1,1
1,0,0,0,2,0.0,-0.2263,-0.6808,0,2,0,0,1,0,2
1,0,0,0,0,0.0,0.0,0.0,1,1,0,1,0,1,1
1,0,3,0,0,0.0,0.0,0.296,1,0,0,0,1,1,0
1,0,0,0,0,0.4404,-0.2263,0.8175,3,1,0,1,0,3,1
1,2,1,0,1,0.0,-0.2263,-0.2263,0,1,1,1,1,0,1
1,0,0,0,1,0.0,-0.2263,0.5106,1,1,0,0,1,1,1
1,0,0,0,0,0.0,0.0,0.4019,1,0,0,0,1,1,0
1,0,0,0,2,0.0,0.0,-0.296,0,1,0,0,1,0,1
1,2,0,0,3,0.0,0.0,0.802,2,1,0,0,1,2,1
1,0,0,0,0,0.0,0.0,0.6436,2,1,0,0,1,2,1
1,0,0,2,0,0.0,-0.2263,0.802,5,1,1,0,1,5,1
1,0,0,0,0,0.0,0.0,0.4939,1,0,0,0,1,1,0
1,0,0,0,2,0.0,-0.2263,-0.5719,1,3,0,0,1,1,3
1,0,0,0,0,0.0,0.0,0.7695,2,1,0,0,1,2,1
1,0,0,0,0,0.0,-0.2263,-0.3612,1,2,0,0,1,1,2
1,0,0,0,0,0.0,0.0,0.0,0,0,0,0,0,0,0
1,0,0,0,0,0.0,0.0,0.5038,1,1,0,1,1,1,1
1,3,1,0,2,0.0,-0.2263,0.836,3,1,0,0,1,3,1
1,0,0,0,1,0.0,0.0,0.0,0,0,0,0,0,0,0
1,0,0,0,0,0.0,0.0,0.1027,1,1,0,0,1,1,1
1,0,0,0,0,0.0,-0.2263,-0.4639,1,2,0,0,1,1,2
1,0,0,0,2,0.0,-0.2263,0.9144,3,1,0,0,1,3,1
1,0,0,0,0,0.0,-0.2263,0.7968,3,2,0,0,1,3,2
1,0,0,0,0,0.0,0.0,0.6774,1,1,0,0,1,1,1
1,0,0,0,1,0.0,-0.2263,-0.1027,1,2,0,0,1,1,2
1,0,0,0,1,0.0,0.0,0.6369,1,0,0,0,1,1,0
1,0,0,0,0,0.0,-0.2263,0.2617,1,1,0,0,1,1,1
1,0,0,0,1,0.0,0.0,-0.2263,0,1,0,2,1,0,1
1,0,0,0,1,-0.6369,0.0,-0.0258,2,1,0,0,1,2,1
1,0,0,0,0,0.0,-0.2263,-0.5719,1,2,0,0,1,1,2
1,0,0,0,0,0.0,0.0,-0.1779,0,1,0,0,1,0,1
1,0,0,0,1,0.0,-0.2263,-0.6597,0,2,0,0,1,0,2
1,0,0,0,1,0.0,0.0,0.4215,1,0,0,0,1,1,0
1,0,0,0,0,0.0,0.0,0.6532,1,1,0,0,1,1,1
1,0,0,0,1,0.0,0.0,0.0,0,0,0,0,0,0,0
1,0,0,0,0,0.0,-0.2263,-0.7152,0,2,0,0,1,0,2
1,0,0,0,0,0.0,-0.2263,0.8591,2,1,0,0,1,2,1
1,0,0,0,1,0.0,0.0,0.3599,2,0,0,0,1,2,0
1,0,0,0,0,0.0,-0.2263,-0.4023,2,1,0,0,1,2,1
1,0,0,0,0,0.0,0.0,0.608,2,2,0,1,1,2,2
1,0,0,0,1,0.0,-0.2263,-0.2263,0,1,0,0,1,0,1
1,0,0,0,1,0.0,0.0,-0.1027,1,2,0,0,1,1,2
1,0,0,0,1,0.0,-0.2263,-0.6908,0,3,0,1,1,0,3
1,0,0,0,0,0.0,0.0,-0.3818,0,1,0,0,1,0,1
1,0,0,0,0,0.0,-0.2263,0.7397,2,1,0,0,1,2,1
1,0,0,0,0,0.0,0.0,-0.5908,1,1,0,0,1,1,1
1,0,0,0,0,0.0,-0.2263,-0.296,1,2,0,0,1,1,2
1,0,0,0,1,0.0,-0.2263,0.7925,2,1,0,0,1,2,1
1,0,0,0,0,0.0,0.0,0.1695,0,1,0,0,1,0,1
1,0,0,0,0,0.891,0.0,0.9427,1,1,0,0,0,1,1
1,0,0,0,0,0.0,0.0,0.4707,1,2,0,0,1,1,2
1,0,0,1,0,0.0,0.0,0.4881,1,1,0,0,1,1,1
1,0,0,0,0,0.0,-0.2263,-0.0258,1,2,0,0,1,1,2
1,1,0,0,0,0.0,0.0,-0.5106,0,2,0,1,1,0,2
1,0,0,0,1,0.0,0.0,0.0,0,0,0,0,0,0,0
1,1,0,0,0,0.0,-0.2263,-0.2263,1,2,0,0,1,1,2
1,0,0,0,0,0.0,0.0,0.0,0,0,0,0,0,0,0
1,0,0,0,3,0.0,-0.2263,0.2808,1,2,0,1,1,1,2
1,0,0,0,1,0.0,0.0,-0.7096,0,2,0,0,1,0,2
1,0,0,0,0,0.7003,0.0,0.9016,3,1,0,1,0,3,1
1,1,1,0,0,0.0,-0.2263,0.34,1,1,1,0,1,1,1
1,0,0,0,1,0.0,0.0,0.0,0,0,0,0,0,0,0
1,0,0,0,3,0.0,-0.2263,-0.4287,3,1,0,0,1,3,1
1,0,0,0,0,0.0,0.0,0.4774,2,1,0,0,1,2,1
1,0,0,0,1,0.0,-0.2263,-0.6597,0,3,0,1,1,0,3
1,0,0,0,0,0.0,-0.2263,-0.9468,1,4,0,0,1,1,4
1,0,0,0,0,0.0,0.0,0.4881,1,1,0,0,1,1,1
1,0,0,0,0,0.0,0.0,0.0,0,0,0,0,0,0,0
1,0,0,0,0,0.0,-0.2263,-0.2263,0,1,0,0,1,0,1
1,0,0,0,0,0.0,0.0,-0.5859,0,2,0,0,1,0,2
1,0,0,0,2,0.93,-0.2263,0.9524,1,1,0,0,0,1,1
1,3,0,0,0,0.0,0.0,-0.3757,0,2,0,0,1,0,2
1,1,0,0,1,0.0,0.0,0.7065,1,1,0,0,1,1,1
1,0,0,0,1,0.0,0.0,0.0,0,0,0,0,0,0,0
1,0,1,0,0,0.0,-0.2263,-0.2263,0,1,0,0,1,0,1
1,0,0,0,0,0.0,0.0,-0.7184,0,2,0,0,1,0,2
1,0,0,0,1,0.0,0.0,-0.2263,0,1,0,0,1,0,1
1,0,0,0,0,0.0,0.0,0.1695,0,1,2,0,1,0,1
1,0,0,0,1,0.0,0.0,0.25,1,1,0,0,1,1,1
1,0,1,0,0,0.0,-0.2263,0.4939,1,1,0,0,1,1,1
1,0,0,0,2,0.0,-0.2263,0.7184,2,2,0,0,1,2,2
1,0,0,0,3,0.0,0.0,0.3182,1,0,0,0,1,1,0
1,1,0,0,0,0.0,0.0,0.6207,1,1,0,0,1,1,1
1,0,0,0,0,0.0,0.0,-0.4767,0,3,0,1,1,0,3
1,0,0,0,0,0.0,0.0,0.802,3,1,0,0,1,3,1
1,0,0,0,2,0.0,0.0,-0.3036,1,3,0,0,1,1,3
1,0,0,0,1,0.0,-0.2263,-0.25,1,3,0,0,1,1,3
1,0,0,0,1,0.0,-0.2263,-0.4215,0,2,0,0,1,0,2
1,1,2,0,0,0.0,-0.2263,0.6249,2,1,0,1,1,2,1
1,0,0,1,2,0.0,-0.2263,0.4824,0,1,0,0,1,0,1
1,0,1,0,0,0.0,-0.2263,0.7003,2,1,0,0,1,2,1
1,0,0,0,2,0.0,-0.2263,-0.6299,0,2,0,0,1,0,2
1,0,0,0,0,0.0,0.0,-0.6808,0,1,0,0,1,0,1
1,1,0,0,0,0.0,-0.2263,-0.4838,0,2,0,0,1,0,2
1,0,1,0,0,0.0,-0.2263,0.7233,2,1,0,1,1,2,1
1,0,0,1,2,0.0,0.0,0.4149,1,2,0,0,1,1,2
1,0,0,0,0,0.0,-0.2263,-0.2263,0,1,0,0,1,0,1
1,0,0,0,0,0.0,0.0,-0.2263,0,1,0,0,1,0,1
1,0,0,0,0,0.0,-0.2263,0.3182,1,1,0,0,1,1,1
1,0,0,0,1,0.0,-0.2263,-0.0258,1,2,0,0,1,1,2
1,0,0,0,0,0.0,-0.2263,-0.0429,2,3,0,0,1,2,3
1,0,0,0,0,0.0,-0.2263,-0.2263,2,3,0,1,1,2,3
1,0,0,1,0,0.0,0.0,-0.4939,1,3,0,1,1,1,3
1,0,0,0,0,0.0,-0.2263,-0.2263,0,1,0,0,1,0,1
1,0,0,0,0,0.0,-0.2263,-0.5423,1,2,0,0,1,1,2
1,0,0,0,0,0.0,0.0,0.6597,2,1,1,0,1,2,1
1,0,0,0,0,0.0,0.0,-0.4588,0,1,0,0,1,0,1
1,0,0,0,0,0.0,0.0,0.5719,1,0,0,2,1,1,0
1,0,0,1,0,0.0,0.0,0.3612,1,1,0,0,1,1,1
1,2,1,0,0,0.0,0.0,-0.534,1,5,1,0,1,1,5
1,0,0,0,1,0.0,0.0,0.5859,2,2,0,0,1,2,2
1,0,0,0,0,0.0,0.0,0.4168,0,2,0,0,1,0,2
1,2,0,0,2,0.0,-0.2263,-0.5343,1,2,0,0,1,1,2
1,0,0,0,1,0.0,0.0,0.0772,1,0,0,0,1,1,0
1,0,0,0,1,0.0,-0.2263,-0.6249,1,3,0,0,1,1,3
1,0,0,0,0,0.0,-0.2263,-0.7003,0,2,0,0,1,0,2
1,0,0,1,3,0.0,-0.2263,-0.6409,0,3,0,1,1,0,3
1,0,0,0,1,0.0,0.0,0.0,0,0,0,0,0,0,0
1,0,0,0,0,0.0,-0.2263,0.2732,2,1,0,0,1,2,1
1,0,0,0,0,0.0,0.0,0.0,0,0,0,0,0,0,0
1,0,0,0,1,0.0,0.0,0.1695,0,1,1,0,1,0,1
1,0,0,0,0,0.0,-0.2263,0.2196,0,1,0,0,1,0,1
1,0,0,1,0,0.0,-0.2263,-0.1027,1,2,0,0,1,1,2
1,1,0,0,3,0.0,-0.2263,0.6166,2,2,0,0,1,2,2
1,0,0,0,0,0.0,0.0,0.0,0,0,1,0,0,0,0
1,0,0,0,1,0.0,-0.2263,0.5709,2,1,0,0,1,2,1
1,0,0,0,1,0.0,0.0,0.7065,2,2,0,0,1,2,2
1,1,0,0,4,0.0,-0.2263,0.2648,2,1,0,0,1,2,1
1,0,0,0,0,0.0,0.0,0.5577,2,1,0,0,1,2,1
1,0,0,0,1,0.0,-0.2263,0.4404,2,1,0,0,1,2,1
1,0,0,0,0,0.0,-0.2263,0.2732,2,1,0,0,1,2,1
1,0,0,0,0,0.0,-0.2263,-0.2263,0,1,0,0,1,0,1
1,2,0,0,1,0.0,0.0,0.128,1,2,0,0,1,1,2
1,0,0,0,1,0.0,-0.2263,-0.6705,0,2,0,0,1,0,2
1,0,0,0,1,0.0,0.0,0.7065,1,1,0,0,1,1,1
1,0,0,1,0,0.0,0.0,0.0,0,0,0,0,0,0,0
1,0,0,0,2,0.0,-0.2263,-0.8176,1,3,0,0,1,1,3
1,0,0,0,1,0.0,0.0,0.1695,0,1,0,0,1,0,1
1,0,0,0,3,0.0,-0.2263,-0.1293,0,3,0,0,1,0,3
1,0,0,0,0,0.4648,0.0,-0.9009,0,5,0,0,1,0,5
1,0,0,0,2,0.0,-0.2263,0.7096,2,1,0,0,1,2,1
1,0,0,0,0,0.0,-0.2263,-0.7184,0,3,0,0,1,0,3
1,0,0,0,0,0.0,-0.2263,-0.2263,0,1,0,0,1,0,1
1,0,0,0,0,0.0,-0.2263,-0.802,0,3,0,0,1,0,3
1,0,0,0,1,0.0,-0.2263,-0.6808,0,2,0,0,1,0,2
1,0,0,0,0,0.0,0.0,0.0,0,0,0,0,0,0,0
1,0,0,0,1,0.0,-0.2263,0.836,2,1,0,0,1,2,1
1,0,0,0,0,0.0,0.0,0.4019,1,1,0,0,1,1,1
1,0,0,0,2,0.0,0.0,0.6774,1,1,0,0,1,1,1
1,0,0,0,0,0.0,-0.2263,-0.3291,0,1,0,0,1,0,1
1,0,0,1,3,0.0,0.0,-0.2263,0,1,0,0,1,0,1
1,0,0,0,0,0.0,-0.2263,-0.2263,0,1,0,0,1,0,1
1,0,1,0,1,0.0,-0.2263,0.7404,3,2,0,0,1,3,2
1,0,0,0,0,0.0,0.0,0.4019,1,0,1,0,1,1,0
1,0,1,0,0,0.0,-0.2263,-0.2263,0,1,0,1,1,0,1
1,0,0,0,1,0.0,0.0,0.3612,1,0,0,0,1,1,0
1,0,1,0,0,0.0,0.0,-0.0646,2,1,0,1,1,2,1
1,0,0,0,0,0.0,0.0,0.0772,2,1,0,0,1,2,1
1,0,0,0,0,0.0,-0.2263,0.5994,3,2,0,0,1,3,2
1,0,6,0,10,0.0,-0.2263,-0.8126,2,6,0,0,1,2,6
1,0,0,0,1,0.0,0.0,0.0,0,0,0,0,0,0,0
1,0,0,1,0,0.0,-0.2263,0.0,2,1,0,0,0,2,1
1,1,2,0,3,0.0,0.0,0.0,0,0,0,0,0,0,0
1,0,0,0,1,0.0,-0.2263,0.2023,1,1,0,0,1,1,1
1,0,0,0,1,0.0,0.0,-0.2737,0,2,0,0,1,0,2
1,1,1,0,3,0.0,-0.2263,-0.7906,3,4,0,0,1,3,4
1,0,0,0,0,0.0,-0.2263,0.5773,3,1,0,0,1,3,1
1,0,0,0,0,0.0,-0.2263,0.1665,0,2,0,0,1,0,2
1,0,0,0,2,0.0,0.0,-0.765,1,5,0,0,1,1,5
1,0,0,0,0,0.0,-0.2263,-0.2263,0,1,0,0,1,0,1
1,0,0,0,0,0.0,-0.2263,-0.6124,0,2,0,0,1,0,2
1,0,0,0,0,0.0,0.0,0.0,0,0,0,0,0,0,0
1,0,0,0,1,0.0,0.0,0.5812,2,2,0,0,1,2,2
1,0,0,0,1,0.0,0.0,-0.4993,1,1,0,0,1,1,1
1,0,0,0,2,0.0,-0.2263,0.3423,2,1,0,0,1,2,1
1,0,0,0,0,0.0,0.0,-0.5267,0,1,0,0,1,0,1
1,0,0,0,1,0.4588,-0.2263,0.7506,2,2,0,0,0,2,2
1,0,0,0,1,0.0,0.0,0.6124,2,0,0,0,1,2,0
1,0,0,0,0,0.0,0.0,0.0,0,0,0,0,0,0,0
1,0,1,0,0,0.0,-0.2263,-0.2263,0,1,0,0,1,0,1
1,0,0,0,0,0.0,0.0,0.7885,2,1,0,0,1,2,1
1,0,0,0,17,0.0,-0.2263,-0.8506,0,3,0,0,1,0,3
1,0,0,0,0,0.0,0.0,0.0,0,0,0,0,0,0,0
1,0,0,0,1,0.0,-0.2263,-0.0624,1,3,0,1,1,1,3
1,0,1,0,2,0.0,-0.2263,-0.5574,0,2,0,0,1,0,2
1,0,0,0,1,0.0,0.0,-0.3257,0,3,0,0,1,0,3
1,0,0,0,1,0.0,-0.2263,-0.34,1,2,0,0,1,1,2
1,0,0,0,0,0.0,0.0,0.3645,0,3,0,0,1,0,3
1,0,0,0,0,0.0,0.0,0.6808,2,0,0,0,1,2,0
1,0,1,0,0,0.0,-0.2263,-0.6124,0,2,0,0,1,0,2
1,0,0,0,0,0.0,-0.2263,0.1531,1,1,0,0,1,1,1
1,0,1,0,0,0.0,-0.2263,-0.4019,1,2,0,0,1,1,2
1,0,0,0,0,0.0,0.0,0.7065,1,1,0,0,1,1,1
1,0,0,0,0,0.0,0.0,-0.2263,0,1,0,0,1,0,1
1,0,0,0,0,0.0,0.0,0.0,0,0,0,0,0,0,0
1,0,0,0,1,0.0,0.0,0.8625,4,1,1,0,1,4,1
1,0,0,0,3,0.0,-0.2263,0.4215,4,2,0,0,1,4,2
1,0,0,0,1,0.0,0.0,0.9428,3,1,0,0,1,3,1
1,0,0,0,0,0.0,-0.2263,-0.6369,0,2,0,0,1,0,2
1,0,0,0,0,0.0,-0.2263,0.0772,1,2,0,0,1,1,2
1,0,0,1,0,0.0,0.0,0.128,2,2,1,0,1,2,2
1,1,0,0,1,0.0,-0.2263,-0.2263,0,1,0,0,1,0,1
1,0,0,1,0,0.0,-0.2263,0.4588,1,1,0,0,1,1,1
1,0,0,0,0,0.0,0.0,-0.2263,0,1,0,0,1,0,1
1,0,1,0,0,0.0,-0.2263,-0.2263,0,1,0,1,1,0,1
1,0,2,0,0,0.0,0.0,0.1695,0,1,0,0,1,0,1
1,0,0,0,0,0.0,0.0,0.6971,1,1,0,0,1,1,1
1,0,1,0,0,0.0,0.0,0.0772,1,1,0,0,1,1,1
1,0,0,0,1,0.0,0.0,0.4918,0,2,0,1,1,0,2
1,0,0,0,0,0.0,0.0,0.3818,1,0,0,0,1,1,0
1,0,0,0,0,0.0,-0.2263,-0.4019,1,2,0,0,1,1,2
1,0,0,0,0,0.0,0.0,-0.3612,0,1,0,0,1,0,1
1,0,0,0,2,0.0,0.0,0.7506,2,1,0,0,1,2,1
1,0,0,0,1,0.0,-0.2263,-0.722,1,3,0,0,1,1,3
1,0,1,0,1,0.0,-0.2263,-0.443,1,2,1,0,1,1,2
1,0,0,0,0,0.0,0.0,0.4449,0,1,0,0,1,0,1
1,0,0,1,0,0.0,-0.2263,-0.1779,1,2,0,0,1,1,2
1,0,0,0,0,0.0,0.0,0.2023,2,1,0,0,1,2,1
1,0,0,0,0,0.0,-0.2263,0.1695,0,1,0,0,1,0,1
1,0,0,0,0,0.0,0.0,0.0,0,0,0,0,0,0,0
1,0,2,0,0,0.0,-0.2263,0.0772,1,1,0,0,1,1,1
1,0,0,0,0,0.0,-0.2263,-0.7553,0,2,0,1,1,0,2
1,0,0,0,0,0.0,-0.2263,0.7972,2,1,0,0,1,2,1
1,0,0,0,0,0.0,0.0,0.4588,1,0,0,0,1,1,0
1,1,0,1,0,0.0,0.0,0.6669,1,1,0,0,1,1,1
1,0,0,0,0,0.0,0.0,-0.4939,1,2,0,0,1,1,2
1,0,0,0,2,0.0,-0.2263,0.4404,2,1,0,0,1,2,1
1,0,0,0,2,0.0,0.0,0.5859,1,0,0,0,1,1,0
1,3,0,0,0,0.0,-0.2263,0.8751,4,2,0,0,1,4,2
1,0,0,0,1,0.0,0.0,0.0,0,0,0,0,0,0,0
1,0,0,0,0,0.0,-0.2263,-0.5423,0,2,0,0,1,0,2
1,0,0,0,0,0.0,-0.2263,0.4939,1,1,0,0,1,1,1
1,0,0,0,2,0.0,-0.2263,-0.25,2,3,1,0,1,2,3
1,0,0,0,2,0.0,-0.2263,0.6705,3,3,0,1,1,3,3
1,0,0,0,1,0.0,0.0,0.5719,2,2,0,0,1,2,2
1,0,0,0,0,0.0,0.0,0.204,1,1,0,1,1,1,1
1,0,0,1,0,0.0,-0.2263,0.8834,3,1,0,0,1,3,1
1,0,0,0,1,0.0,-0.2263,-0.2263,0,1,0,0,1,0,1
1,1,0,1,0,0.0,0.0,-0.4352,3,2,1,0,1,3,2
1,0,0,0,1,0.0,0.0,0.5812,1,1,0,0,1,1,1
1,0,2,1,0,0.0,-0.2263,0.1779,2,1,1,1,1,2,1
1,0,0,0,0,0.0,0.0,-0.6846,2,1,0,0,1,2,1
1,0,0,0,0,0.0,-0.2263,-0.8074,0,3,0,0,1,0,3
1,0,0,0,1,0.0,0.0,-0.7203,1,2,0,3,1,1,2
1,1,1,0,0,0.0,-0.2263,-0.7184,0,3,0,0,1,0,3
1,1,0,0,0,0.0,-0.2263,-0.4767,1,2,0,0,1,1,2
1,0,0,1,0,0.0,-0.2263,0.25,1,1,0,0,1,1,1
1,0,0,0,0,0.7003,0.0,0.7555,0,1,0,0,0,0,1
1,0,0,0,0,0.0,-0.2263,0.2732,1,1,0,0,1,1,1
1,0,0,0,1,0.0,0.0,0.6326,2,0,0,0,1,2,0
1,0,0,0,0,0.0,0.0,0.0,1,0,0,0,0,1,0
1,0,0,0,0,0.0,0.0,-0.1695,1,1,0,0,1,1,1
1,0,0,0,0,0.0,-0.2263,-0.8481,0,4,0,0,1,0,4
1,0,0,0,0,0.0,0.0,0.0,0,0,0,0,0,0,0
1,0,0,0,1,0.0,-0.2263,0.743,1,1,0,0,1,1,1
1,0,0,0,0,0.0,-0.2263,-0.1779,1,1,0,0,1,1,1
1,0,0,0,0,0.0,0.0,0.4939,1,1,0,0,1,1,1
1,0,0,0,0,0.0,0.0,0.7695,2,1,0,0,1,2,1
1,0,0,0,0,0.0,0.0,0.4265,2,1,0,0,1,2,1
1,2,0,0,0,0.0,-0.2263,-0.2263,0,1,0,0,1,0,1
1,0,0,0,0,0.0,-0.2263,0.7506,2,1,0,0,1,2,1
1,0,0,0,0,0.0,-0.2263,0.9634,1,1,0,0,1,1,1
1,1,1,0,2,0.0,-0.2263,0.5106,1,1,0,0,1,1,1
1,0,0,0,0,0.0,-0.2263,0.4939,1,1,0,0,1,1,1
1,0,0,0,0,0.0,-0.2263,0.0516,1,1,1,0,1,1,1
1,0,0,0,1,0.0,0.0,0.6369,1,0,0,0,1,1,0
1,1,0,0,1,0.0,-0.2263,0.5647,2,1,0,0,1,2,1
1,0,0,0,0,0.0,0.0,0.5106,1,1,0,0,1,1,1
1,0,0,0,0,0.0,0.0,-0.3182,0,1,0,0,1,0,1
1,0,0,0,0,0.0,0.0,0.8398,1,1,0,0,1,1,1
1,0,0,0,0,0.0,0.0,0.0,0,0,0,0,0,0,0
1,0,0,0,0,0.0,0.0,0.2023,1,0,0,0,1,1,0
1,0,0,0,0,0.0,0.0,0.5574,1,0,0,0,1,1,0
1,0,0,0,0,0.0,-0.2263,-0.8885,1,4,0,0,1,1,4
1,0,0,0,0,0.0,0.0,-0.5423,0,2,0,0,1,0,2
1,0,0,0,0,0.0,0.0,0.1695,0,1,0,1,1,0,1
1,0,0,0,5,0.0,-0.2263,-0.9075,0,4,0,2,1,0,4
1,0,0,0,1,0.0,0.0,0.1665,0,1,0,0,1,0,1
1,1,0,0,1,0.0,0.0,-0.4767,0,2,0,1,1,0,2
1,0,0,0,0,0.0,0.0,0.7065,1,1,0,0,1,1,1
1,1,0,0,0,0.0,-0.2263,0.7003,2,1,0,0,1,2,1
1,0,0,0,0,0.0,0.0,-0.2263,0,1,0,0,1,0,1
1,0,0,0,0,0.0,0.0,0.0,0,0,0,0,0,0,0
1,0,0,0,1,0.0,-0.2263,0.34,1,1,0,0,1,1,1
1,0,0,0,0,0.0,-0.2263,-0.3612,1,2,0,0,1,1,2
1,0,0,0,0,0.0,0.0,0.5106,1,0,0,0,1,1,0
1,0,0,0,1,0.0,0.0,-0.6597,0,2,0,0,1,0,2
1,0,0,0,0,0.0,-0.2263,-0.5859,0,2,0,0,1,0,2
1,0,0,0,1,0.0,-0.2263,0.1027,1,1,0,0,1,1,1
1,0,0,0,0,0.0,0.0,-0.0191,1,1,0,0,1,1,1
1,0,0,1,2,0.0,-0.2263,-0.2263,0,1,0,0,1,0,1
1,0,0,0,1,0.0,0.0,0.6369,1,0,0,0,1,1,0
1,0,0,0,8,0.0,-0.2263,-0.2555,1,2,0,0,1,1,2
1,0,0,0,0,0.0,0.0,-0.0516,2,1,0,0,1,2,1
1,0,0,0,1,0.9776,-0.2263,0.9753,0,1,0,1,1,0,1
1,0,0,0,1,0.0,0.0,0.0,0,0,0,0,0,0,0
1,0,0,0,1,0.0,0.0,-0.9062,0,4,0,1,1,0,4
1,0,0,0,0,0.0,0.0,0.0,0,0,0,0,0,0,0
1,0,0,0,1,0.0,0.0,-0.4215,0,1,0,0,1,0,1
1,0,0,0,1,0.0,-0.2263,-0.6973,1,2,0,2,1,1,2
1,1,0,0,0,0.0,-0.2263,0.1027,1,1,0,0,1,1,1
1,1,0,0,1,0.0,0.0,0.6808,2,1,0,0,1,2,1
1,0,0,0,2,0.0,0.0,0.2833,2,2,0,0,1,2,2
1,0,0,0,0,0.0,0.0,0.296,1,0,1,0,1,1,0
1,0,0,0,0,0.0,-0.2263,-0.4606,1,1,0,0,1,1,1
1,0,0,0,0,0.0,-0.2263,-0.6124,0,2,0,0,1,0,2
1,0,0,0,0,0.0,-0.2263,-0.802,1,3,0,0,1,1,3
1,1,0,0,0,0.0,0.0,0.6566,2,3,0,0,1,2,3
1,0,0,0,0,0.0,-0.2263,-0.1779,1,2,0,0,1,1,2
1,1,0,0,1,0.0,0.0,0.4149,1,1,1,0,1,1,1
1,0,0,0,0,0.0,-0.2263,0.7003,2,1,0,0,1,2,1
1,0,0,0,2,0.0,-0.2263,-0.2263,0,1,0,0,1,0,1
1,0,0,0,1,0.0,0.0,0.4939,1,1,0,0,1,1,1
1,0,0,0,0,0.0,-0.2263,-0.8559,1,3,0,0,1,1,3
1,0,0,0,0,0.0,-0.2263,-0.2911,0,1,0,0,1,0,1
1,0,0,0,0,0.0,0.0,0.1429,1,2,0,0,1,1,2
1,0,0,0,0,0.3612,0.0,-0.4606,0,1,0,0,0,0,1
1,0,0,0,0,0.0,0.0,-0.4588,0,1,0,0,1,0,1
1,0,0,0,5,0.0772,-0.2263,0.1695,0,2,0,1,0,0,2
1,0,0,0,2,0.0,-0.2263,-0.34,1,3,0,0,1,1,3
1,0,0,1,0,0.0,-0.2263,0.3612,1,1,0,0,1,1,1
1,0,0,0,0,0.0,0.0,0.0,0,0,0,0,0,0,0
1,0,0,1,2,0.0,0.0,-0.4939,1,2,0,0,1,1,2
1,0,0,0,1,0.0,-0.2263,-0.0516,2,3,0,0,1,2,3
1,0,0,0,1,0.0,0.0,0.0,0,0,0,0,0,0,0
1,0,0,0,0,0.0,0.0,-0.5023,3,2,0,0,1,3,2
1,0,0,0,0,0.0,-0.2263,-0.6597,0,2,0,0,1,0,2
1,0,0,0,0,0.0,-0.2263,0.4929,2,1,0,1,1,2,1
1,2,0,0,0,0.0,0.0,0.6879,1,1,0,0,1,1,1
1,0,0,0,0,0.0,0.0,0.0,0,0,0,0,0,0,0
1,0,0,0,2,0.0,-0.2263,-0.34,1,2,0,0,1,1,2
1,0,0,0,0,0.0,0.0,0.4019,1,0,0,0,1,1,0
1,0,0,0,0,0.0,-0.2263,0.8555,3,1,1,1,1,3,1
1,1,0,0,2,0.0,-0.2263,0.9413,5,1,0,0,1,5,1
1,0,0,0,1,0.0,-0.2263,-0.2263,0,1,0,0,1,0,1
1,0,0,0,1,0.0,-0.2263,0.5106,1,1,0,0,1,1,1
1,1,0,0,0,0.0,0.0,0.4588,2,1,1,0,1,2,1
1,0,0,0,0,0.0,0.0,-0.3612,1,1,1,0,1,1,1
1,0,0,0,0,0.0,-0.2263,-0.6249,0,3,0,0,1,0,3
1,0,0,0,0,0.0,0.0,0.1695,0,1,0,0,1,0,1
1,0,1,1,0,0.0,0.0,0.1027,1,1,0,0,1,1,1
1,0,0,0,0,0.0,-0.2263,0.128,2,2,0,0,1,2,2
1,0,0,0,1,0.0,-0.2263,-0.3182,1,2,0,0,1,1,2
1,0,0,0,0,0.0,0.0,0.0,0,0,0,0,0,0,0
1,0,0,0,1,0.0,-0.2263,0.8957,4,1,0,0,1,4,1
1,0,0,2,0,0.0,0.0,0.8506,2,2,0,0,1,2,2
1,1,0,0,0,0.0,0.0,0.434,1,1,1,0,1,1,1
1,0,0,0,3,0.0,-0.2263,0.4084,1,1,0,0,1,1,1
1,0,0,0,0,0.0,0.0,0.6369,1,0,0,0,1,1,0
1,0,0,0,0,0.0,-0.2263,0.7579,2,1,0,0,1,2,1
1,0,1,0,0,0.0,-0.2263,-0.3182,1,2,0,0,1,1,2
1,0,1,0,0,0.0,0.0,0.0,0,0,1,0,0,0,0
1,0,0,0,0,0.0,-0.2263,0.9854,4,1,0,0,1,4,1
1,0,0,0,0,0.0,-0.2263,0.4495,1,1,0,0,1,1,1
1,0,0,0,1,0.0,0.0,0.4404,1,1,0,1,1,1,1
1,2,0,1,1,0.0,0.0,0.0258,1,2,0,0,1,1,2
1,0,0,0,1,0.0,-0.2263,-0.6705,0,2,0,0,1,0,2
1,0,0,0,0,0.0,-0.2263,-0.4404,2,2,0,0,1,2,2
1,0,0,0,1,0.0,-0.2263,-0.296,1,2,0,1,1,1,2
1,0,0,0,0,0.0,-0.2263,-0.2263,0,1,0,0,1,0,1
1,0,0,0,0,0.0,0.0,0.0,0,0,0,0,0,0,0
1,0,1,0,0,0.0,-0.2263,0.5994,3,2,0,0,1,3,2
1,0,0,0,1,0.0,0.0,0.4754,1,0,0,1,1,1,0
1,0,0,0,1,0.0,0.0,-0.3875,1,0,0,0,1,1,0
1,0,0,0,0,0.0,-0.2263,0.1779,1,2,0,0,1,1,2
1,0,0,0,0,0.0,0.0,0.1695,0,1,0,0,1,0,1
1,0,1,0,2,0.0,-0.2263,-0.2617,1,2,0,0,1,1,2
1,0,1,0,1,0.0,-0.2263,-0.2263,0,1,0,0,1,0,1
1,0,0,0,2,0.0,0.0,0.0,0,0,0,0,0,0,0
1,0,1,0,0,0.0,0.0,0.1027,1,1,0,0,1,1,1
1,0,0,0,0,0.0,0.0,-0.5577,1,1,0,0,1,1,1
1,0,0,0,0,0.0,0.0,-0.5106,0,1,0,0,1,0,1
1,0,0,0,0,0.0,-0.2263,0.2878,2,1,0,0,1,2,1
1,0,0,0,0,0.0,0.0,0.0,0,0,0,0,0,0,0
1,0,0,0,0,0.0,0.0,0.5523,1,1,0,0,1,1,1
1,0,0,0,0,0.0,0.0,-0.4019,0,1,0,0,1,0,1
1,0,0,0,0,0.0,0.0,0.567,2,3,0,1,1,2,3
1,0,0,0,0,0.0,-0.2263,-0.4588,1,2,1,0,1,1,2
1,0,0,0,0,0.0,0.0,0.0,0,0,0,0,0,0,0
1,0,0,1,1,0.5994,-0.2263,0.875,2,1,0,0,0,2,1
1,0,0,0,0,0.0,0.0,0.0,0,0,0,0,0,0,0
1,0,0,0,0,0.0,-0.2263,-0.0772,1,2,0,0,1,1,2
1,0,0,0,0,0.0,0.0,0.8878,3,1,1,0,1,3,1
1,0,0,0,0,0.4939,0.0,0.7351,1,1,0,1,0,1,1
1,0,0,0,1,0.0,-0.2263,-0.2263,0,1,0,0,1,0,1
1,0,0,0,1,0.4404,-0.2263,0.887,3,1,1,0,0,3,1
1,0,0,0,1,0.0,-0.2263,-0.3291,0,1,0,0,1,0,1
1,0,0,1,0,0.0,0.0,0.1695,0,1,1,1,1,0,1
1,0,0,0,0,0.0,0.0,0.0,0,0,0,0,0,0,0
1,0,0,0,0,0.0,0.0,0.7351,3,1,0,0,1,3,1
1,0,0,0,0,0.0,0.0,0.0,0,0,0,0,0,0,0
1,0,0,0,0,0.0,0.0,-0.8937,2,5,2,0,1,2,5
1,0,0,0,2,0.0,-0.2263,0.7579,2,1,0,0,1,2,1
1,1,2,0,0,0.0,0.0,-0.2263,1,1,0,0,1,1,1
1,0,0,0,0,0.0,-0.2263,-0.6486,0,2,0,0,1,0,2
1,0,0,1,0,0.0,0.0,0.8001,2,1,0,0,1,2,1
1,0,0,0,0,0.0,0.0,0.1497,1,2,0,0,1,1,2
1,0,0,0,0,0.0,-0.2263,-0.6908,0,2,0,0,1,0,2
1,0,0,0,0,0.0,-0.2263,-0.743,0,2,0,0,1,0,2
1,1,0,0,1,0.0,0.0,-0.7184,0,3,0,0,1,0,3
1,0,0,0,1,0.0,-0.2263,0.5267,2,1,0,0,1,2,1
1,0,0,0,0,0.0,0.0,0.0,0,0,0,0,0,0,0
1,0,0,0,0,0.0,0.0,0.3612,1,0,0,1,1,1,0
1,0,2,0,0,0.0,-0.2263,0.6705,2,1,0,1,1,2,1
1,0,0,0,1,0.0,-0.2263,0.5106,1,1,0,0,1,1,1
1,0,0,1,0,0.0,0.0,0.1695,0,1,0,0,1,0,1
1,0,0,0,1,0.0,0.0,0.7579,3,0,0,0,1,3,0
1,0,0,1,1,0.0,-0.2263,-0.3862,1,2,0,0,1,1,2
1,0,0,0,0,0.0,0.0,0.0,0,0,0,0,0,0,0
1,0,0,0,3,0.0,0.0,0.0,0,0,0,0,0,0,0
1,0,0,0,0,0.0,0.0,0.5371,1,1,0,0,1,1,1
1,0,0,1,0,-0.2023,0.0,0.7241,2,1,1,0,1,2,1
1,0,0,0,0,0.0,0.0,-0.5109,2,1,0,0,1,2,1
1,0,0,0,1,0.0,0.0,-0.5875,2,0,0,0,1,2,0
1,0,0,0,0,0.0,-0.2263,-0.8555,0,4,0,0,1,0,4
1,0,0,0,0,0.0,0.0,0.1695,0,1,0,0,1,0,1
1,0,0,0,0,0.0,0.0,0.3182,1,2,0,0,1,1,2
1,1,0,0,1,0.0,-0.2263,0.296,2,1,0,0,1,2,1
1,0,0,0,1,0.0,-0.2263,0.6808,1,1,0,0,1,1,1
1,0,0,0,2,0.0,-0.2263,-0.3182,1,2,0,0,1,1,2
1,0,0,0,0,0.0,0.0,-0.6808,0,1,1,0,1,0,1
1,0,0,1,1,0.0,-0.2263,0.5106,1,1,0,0,1,1,1
1,0,0,0,1,0.8402,0.0,0.9308,1,1,0,0,0,1,1
1,1,0,0,0,0.0,0.0,0.608,1,1,0,0,1,1,1
1,0,0,1,0,0.0,0.0,-0.4993,1,1,0,0,1,1,1
1,0,1,0,1,0.0,0.0,-0.4019,0,1,0,0,1,0,1
1,0,0,0,1,0.0,0.0,0.242,1,1,0,0,1,1,1
1,0,0,0,0,0.0,-0.2263,0.2732,2,2,0,0,1,2,2
1,0,0,0,0,0.0,0.0,0.6369,1,0,0,0,1,1,0
1,1,1,1,0,0.0,0.0,-0.2263,0,1,0,1,1,0,1
1,0,0,0,0,0.0,-0.2263,0.2682,1,1,1,0,1,1,1
1,0,0,1,1,0.0,-0.2263,0.5505,1,2,0,0,1,1,2
1,0,0,0,0,0.0,0.0,-0.1531,0,1,0,0,1,0,1
1,1,0,0,1,0.0,0.0,-0.2878,0,1,0,0,1,0,1
1,0,0,0,0,0.0,-0.2263,-0.7946,1,3,0,0,1,1,3
1,0,0,0,0,0.0,-0.2263,-0.6705,0,2,0,0,1,0,2
1,0,0,0,0,0.0,-0.2263,0.6705,4,2,0,0,1,4,2
1,0,0,0,0,0.0,-0.2263,-0.3291,0,1,0,0,1,0,1
1,0,0,0,1,0.0,-0.2263,0.1531,1,1,0,0,1,1,1
1,0,0,0,0,0.0,0.0,0.567,1,1,0,0,1,1,1
1,0,0,0,0,0.0,0.0,0.6618,2,0,0,1,1,2,0
1,1,0,0,0,0.0,0.0,0.1695,0,1,0,0,1,0,1
1,0,0,0,0,0.0,0.0,-0.5719,0,2,1,0,1,0,2
1,0,0,0,29,0.0,-0.2263,0.9077,3,1,0,1,1,3,1
1,0,0,0,0,0.0,0.0,0.0,0,0,0,0,0,0,0
1,0,0,0,0,0.0,0.0,-0.1877,1,1,0,0,1,1,1
1,0,0,0,1,0.0,-0.2263,0.802,3,2,0,0,1,3,2
1,0,0,0,0,0.0,0.0,0.0,0,0,0,0,0,0,0
1,0,0,1,0,0.0,0.0,0.5106,2,1,0,0,1,2,1
1,0,0,0,1,0.0,0.0,-0.4215,0,1,0,0,1,0,1
1,1,1,0,1,0.0,-0.2263,-0.2023,1,2,0,0,1,1,2
1,0,1,0,1,0.0,-0.2263,-0.296,1,2,0,0,1,1,2
1,0,0,0,0,0.0,-0.2263,-0.2263,0,1,0,0,1,0,1
1,1,0,0,2,0.0,-0.2263,-0.3612,0,2,0,0,1,0,2
1,0,0,0,2,0.0,0.0,0.8579,3,1,1,0,1,3,1
1,0,0,0,0,0.0,-0.2263,-0.3291,0,1,0,0,1,0,1
1,0,0,0,0,0.0,0.0,0.5523,1,1,0,0,1,1,1
1,0,0,0,0,0.0,-0.2263,-0.8074,0,4,0,0,1,0,4
1,0,0,0,1,0.4404,-0.2263,0.3071,1,3,0,0,1,1,3
1,0,0,0,0,0.0,0.0,0.7065,1,1,0,0,1,1,1
1,3,0,0,2,0.0,-0.2263,0.7641,3,3,0,1,1,3,3
1,0,0,0,0,0.0,0.0,0.0,0,0,0,0,0,0,0
1,0,0,0,1,0.0,-0.2263,0.6872,4,2,0,0,1,4,2
1,0,0,0,1,0.0,0.0,-0.6369,0,2,0,0,1,0,2
1,0,0,0,0,0.4404,0.0,0.5523,0,1,0,1,0,0,1
1,0,0,0,1,0.0,-0.2263,-0.3818,0,2,0,1,1,0,2
1,0,0,0,5,0.0,-0.2263,0.7925,2,1,0,0,1,2,1
1,0,0,0,0,0.0,-0.2263,-0.3612,0,2,0,0,1,0,2
1,0,0,0,3,0.0,0.0,-0.4986,1,1,0,0,1,1,1
1,0,0,0,0,0.0,0.0,0.6971,1,1,0,0,1,1,1
1,0,0,0,2,0.0,-0.2263,-0.8185,0,4,0,0,1,0,4
1,0,0,0,0,0.0,-0.2263,-0.5905,0,2,0,0,1,0,2
1,0,0,0,0,0.0,0.0,0.3089,0,1,0,0,1,0,1
1,1,0,0,4,0.0,-0.2263,-0.8665,0,3,0,0,1,0,3
1,0,0,1,0,0.0,0.0,0.608,1,1,0,0,1,1,1
1,1,1,0,0,0.0,0.0,-0.2263,0,1,0,0,1,0,1
1,0,0,0,1,0.0,0.0,0.3326,2,2,0,0,1,2,2
1,0,0,0,0,0.0,0.0,0.0352,1,1,0,0,1,1,1
1,0,0,0,0,0.0,-0.2263,0.4019,2,1,0,0,1,2,1
1,1,0,1,2,0.0,-0.2263,-0.5859,1,3,0,0,1,1,3
1,0,0,0,1,0.0,0.0,0.0,0,0,0,0,0,0,0
1,0,0,0,2,0.0,0.0,-0.2732,1,2,0,0,1,1,2
1,0,0,0,0,0.0,0.0,0.0,0,0,1,0,0,0,0
1,0,0,0,0,0.0,0.0,0.0,1,0,0,0,0,1,0
1,1,0,0,1,0.0,0.0,-0.2263,0,1,0,0,1,0,1
1,0,0,1,1,0.0,0.0,0.1446,1,2,1,0,1,1,2
1,0,0,0,0,0.0,0.0,0.0,0,0,0,0,0,0,0
1,0,0,0,1,0.0,0.0,0.5267,1,0,0,0,1,1,0
1,0,0,0,1,0.0,-0.2263,-0.0,3,3,0,0,0,3,3
1,0,0,0,1,0.0,-0.2263,0.25,1,1,0,0,1,1,1
1,0,0,0,0,0.0,-0.2263,-0.6597,0,2,0,0,1,0,2
1,0,0,0,1,0.0,0.0,-0.34,1,1,0,0,1,1,1
