label,exc_count,quest_count,ellipsis_count,uppercase_count,emoji_score,hashtag_score,tweet_score,positive_word,negative_word,interjection_count,intensifier_count,emoji_tweet_flip,noun_count,verb_count,user_mentions,uni,bi,tri,polarity,rep_letter
1,0,0,0,1,0.0,0.0,0.8658,0,0,0,0,0,0,0,0,0.0,0,0,0,1
1,0,1,0,0,0.0,0.0,0.8365,0,0,0,0,0,0,0,1,0.0,0,0,0,3
1,0,0,0,0,0.0,0.0,0.7902,0,0,0,0,0,0,0,1,0.0,0,0,0,3
1,0,1,0,0,0.0,-0.2263,0.3291,0,0,0,0,0,0,0,1,0.0,0,0,0,4
1,0,0,1,0,0.0,0.0,0.2023,0,0,0,0,0,0,0,1,0.0,0,0,0,1
1,0,2,0,0,0.0,0.0,-0.2263,0,0,0,0,0,0,0,2,0.0,0,0,0,0
1,0,0,0,0,0.0,0.0,-0.0,0,0,0,0,0,0,0,1,0.0,0,0,0,2
1,0,1,0,0,0.0,0.0,-0.5236,0,0,0,0,0,0,0,0,0.0,0,0,0,1
1,2,0,1,0,0.0,-0.2263,-0.8658,0,0,0,0,0,0,0,0,0.0,0,0,0,4
1,0,0,0,0,0.0,0.0,0.0,0,0,0,0,0,0,0,2,0.0,0,0,0,9
1,0,1,0,0,0.0,0.0,0.2425,0,0,0,0,0,0,0,0,0.0,0,0,0,9
1,1,0,0,1,0.0,0.0,-0.6597,0,0,0,0,0,0,0,0,0.0,0,0,0,5
1,0,3,0,0,0.0,0.0,0.354,0,0,0,0,0,0,0,1,0.0,0,0,0,7
0,0,0,0,0,0.0,0.0,0.2023,0,0,0,0,0,0,0,1,0.0,0,0,0,0
0,0,0,0,0,0.0,0.0,0.2732,0,0,0,0,0,0,0,1,0.0,0,0,0,0
1,0,1,0,1,0.0,0.0,0.5157,0,0,0,0,0,0,0,1,0.0,0,0,0,1
1,2,0,0,0,0.0,0.0,0.8481,0,0,0,0,0,0,0,3,0.0,0,0,0,6
1,0,0,0,0,0.0,0.0,-0.5106,0,0,0,0,0,0,0,0,0.0,0,0,0,6
1,2,1,0,2,0.0,0.0,-0.8067,0,0,0,0,0,0,0,1,0.0,0,0,0,6
1,0,2,0,1,0.0,0.0,-0.8519,0,0,0,0,0,0,0,2,0.0,0,0,0,7
1,0,0,0,0,0.0,0.0,0.2263,0,0,0,0,0,0,0,1,0.0,0,0,0,3
1,0,0,0,2,0.0,0.0,0.1002,0,0,0,0,0,0,0,1,0.0,0,0,0,1
1,0,0,0,0,0.0,0.0,0.3265,0,0,0,0,0,0,0,2,0.0,0,0,0,5
1,4,9,0,0,0.0,0.0,-0.2263,0,0,0,0,0,0,0,1,0.0,0,0,0,0
1,3,0,0,0,0.0,0.0,-0.5868,0,0,0,0,0,0,0,0,0.0,0,0,0,2
1,3,0,0,3,0.0,0.0,0.6786,0,0,0,0,0,0,0,4,0.0,0,0,0,8
1,0,1,1,1,0.0,0.0,0.5719,0,0,0,0,0,0,0,2,0.0,0,0,0,2
1,0,0,0,0,0.0,0.0,0.0,0,0,0,0,0,0,0,0,0.0,0,0,0,4
1,0,1,0,0,0.0,0.0,0.6908,0,0,0,0,0,0,0,2,0.0,0,0,0,0
1,0,0,0,0,0.0,0.0,0.3167,0,0,0,0,0,0,0,1,0.0,0,0,0,2
1,0,0,0,1,0.0,0.0,0.0571,0,0,0,0,0,0,0,0,0.0,0,0,0,6
1,0,0,0,0,0.0,0.0,0.6597,0,0,0,0,0,0,0,0,0.0,0,0,0,6
1,0,1,0,0,0.0,0.0,0.5859,0,0,0,0,0,0,0,0,0.0,0,0,0,5
1,0,0,0,0,0.0,0.0,-0.4215,0,0,0,0,0,0,0,1,0.0,0,0,0,1
1,0,0,0,0,0.0,0.0,0.6652,0,0,0,0,0,0,0,2,0.0,0,0,0,3
1,0,1,0,2,0.0,0.0,-0.2023,0,0,0,0,0,0,0,4,0.0,0,0,0,5
1,0,0,0,1,0.0,-0.2263,0.4215,0,0,0,0,0,0,0,0,0.0,0,0,0,5
1,1,0,0,1,0.0,0.0,-0.5622,0,0,0,0,0,0,0,0,0.0,0,0,0,1
1,0,0,0,1,0.0,0.0,0.8074,0,0,0,0,0,0,0,0,0.0,0,0,0,4
1,0,0,0,0,0.0,-0.2263,-0.1531,0,0,0,0,0,0,0,0,0.0,0,0,0,1
1,0,0,0,0,0.0,-0.2263,0.5106,0,0,0,0,0,0,0,0,0.0,0,0,0,2
1,0,0,0,0,0.0,-0.2263,0.4215,0,0,0,0,0,0,0,0,0.0,0,0,0,6
1,0,0,0,0,0.0,0.0,0.4261,0,0,0,0,0,0,0,0,0.0,0,0,0,3
1,0,0,0,0,0.0,-0.2263,0.1695,0,0,0,0,0,0,0,0,0.0,0,0,0,2
1,1,0,0,0,0.0,-0.2263,-0.1877,0,0,0,0,0,0,0,0,0.0,0,0,0,1
1,1,0,0,0,0.0,-0.2263,-0.089,0,0,0,0,0,0,0,0,0.0,0,0,0,1
1,0,0,0,0,0.0,0.0,0.5106,0,0,0,0,0,0,0,0,0.0,0,0,0,4
1,0,0,1,0,0.0,0.0,-0.4588,0,0,0,0,0,0,0,1,0.0,0,0,0,5
1,0,0,0,0,0.0,0.0,-0.34,0,0,0,0,0,0,0,0,0.0,0,0,0,0
1,0,0,0,0,0.0,-0.2263,0.5994,0,0,0,0,0,0,0,0,0.0,0,0,0,0
1,0,0,0,0,0.0,-0.2263,0.34,0,0,0,0,0,0,0,0,0.0,0,0,0,0
1,1,0,0,1,0.0,-0.2263,0.5106,0,0,0,0,0,0,0,0,0.0,0,0,0,1
1,1,0,0,0,0.0,-0.2263,0.6908,0,0,0,0,0,0,0,0,0.0,0,0,0,0
1,0,0,0,0,0.0,0.0,-0.2263,0,0,0,0,0,0,0,0,0.0,0,0,0,2
1,0,0,1,0,0.0,0.0,0.3612,0,0,0,0,0,0,0,0,0.0,0,0,0,0
1,0,0,0,0,0.0,-0.2263,0.802,0,0,0,0,0,0,0,0,0.0,0,0,0,0
1,1,0,0,1,0.0,0.0,0.1263,0,0,0,0,0,0,0,4,0.0,0,0,0,3
1,0,1,0,0,0.0,0.0,0.3818,0,0,0,0,0,0,0,1,0.0,0,0,0,3
1,0,0,0,4,0.0,0.0,-0.1154,0,0,0,0,0,0,0,2,0.0,0,0,0,3
1,0,0,0,1,0.0,0.0,-0.5106,0,0,0,0,0,0,0,0,0.0,0,0,0,2
1,6,1,0,3,0.0,0.0,-0.959,0,0,0,0,0,0,0,0,0.0,0,0,0,6
1,0,0,1,0,0.0,0.0,0.3999,0,0,0,0,0,0,0,0,0.0,0,0,0,2
1,0,0,0,0,0.0,0.0,0.4404,0,0,0,0,0,0,0,3,0.0,0,0,0,4
1,0,1,0,0,0.0,0.0,-0.7003,0,0,0,0,0,0,0,0,0.0,0,0,0,4
1,4,1,0,0,0.0,0.0,-0.7003,0,0,0,0,0,0,0,1,0.0,0,0,0,1
1,0,2,1,1,0.0,0.0,-0.421,0,0,0,0,0,0,0,1,0.0,0,0,0,1
1,0,0,0,0,0.0,0.0,0.6369,0,0,0,0,0,0,0,3,0.0,0,0,0,2
1,0,0,0,3,0.0,0.0,0.6997,0,0,0,0,0,0,0,0,0.0,0,0,0,6
1,4,0,1,1,0.0,0.0,-0.296,0,0,0,0,0,0,0,2,0.0,0,0,0,4
1,0,0,1,0,0.0,0.0,0.1507,0,0,0,0,0,0,0,1,0.0,0,0,0,7
1,4,0,0,2,0.0,0.0,0.7289,0,0,0,0,0,0,0,0,0.0,0,0,0,5
1,0,0,0,2,0.0,0.0,-0.5106,0,0,0,0,0,0,0,0,0.0,0,0,0,2
1,1,3,0,1,0.0,0.0,0.0,0,0,0,0,0,0,0,1,0.0,0,0,0,6
1,0,0,1,0,0.0,0.0,0.6233,0,0,0,0,0,0,0,1,0.0,0,0,0,1
1,0,0,1,1,0.0,0.0,0.2263,0,0,0,0,0,0,0,4,0.0,0,0,0,4
1,0,1,0,1,0.0,0.0,0.5106,0,0,0,0,0,0,0,1,0.0,0,0,0,2
1,0,0,0,19,0.0,0.0,-0.347,0,0,0,0,0,0,0,2,0.0,0,0,0,4
1,0,0,0,0,0.0,0.0,-0.2263,0,0,0,0,0,0,0,0,0.0,0,0,0,1
1,0,0,0,1,0.0,0.0,-0.2263,0,0,0,0,0,0,0,1,0.0,0,0,0,2
1,0,0,1,0,0.0,0.0,0.1027,0,0,0,0,0,0,0,1,0.0,0,0,0,1
1,0,0,0,0,0.0,0.0,0.3626,0,0,0,0,0,0,0,1,0.0,0,0,0,2
1,0,0,1,0,0.0,0.0,0.1779,0,0,0,0,0,0,0,1,0.0,0,0,0,3
1,0,0,0,1,0.0,0.0,-0.2023,0,0,0,0,0,0,0,0,0.0,0,0,0,4
1,4,1,0,3,0.0,0.0,-0.8779,0,0,0,0,0,0,0,1,0.0,0,0,0,5
1,0,0,0,0,0.0,0.0,-0.8225,0,0,0,0,0,0,0,1,0.0,0,0,0,2
1,0,0,0,4,0.0,0.0,0.3818,0,0,0,0,0,0,0,2,0.0,0,0,0,5
1,0,0,0,0,0.0,0.0,0.8059,0,0,0,0,0,0,0,3,0.0,0,0,0,1
1,0,0,0,0,0.0,0.0,0.5106,0,0,0,0,0,0,0,1,0.0,0,0,0,0
1,0,0,0,0,0.0,0.0,0.2598,0,0,0,0,0,0,0,1,0.0,0,0,0,4
1,0,0,1,1,0.0,0.0,-0.1531,0,0,0,0,0,0,0,1,0.0,0,0,0,5
1,0,0,1,1,0.0,0.0,0.0,0,0,0,0,0,0,0,1,0.0,0,0,0,3
1,1,1,0,1,0.0,0.0,0.5106,0,0,0,0,0,0,0,0,0.0,0,0,0,3
1,0,3,0,0,0.0,0.0,0.7684,0,0,0,0,0,0,0,1,0.0,0,0,0,4
1,0,5,0,0,0.0,0.0,-0.1901,0,0,0,0,0,0,0,2,0.0,0,0,0,1
1,0,0,0,0,0.0,0.0,-0.25,0,0,0,0,0,0,0,2,0.0,0,0,0,4
1,0,0,0,0,0.0,0.0,0.802,0,0,0,0,0,0,0,1,0.0,0,0,0,3
1,0,0,0,0,0.0,0.0,-0.4215,0,0,0,0,0,0,0,0,0.0,0,0,0,2
1,0,0,1,0,0.0,0.0,0.3612,0,0,0,0,0,0,0,1,0.0,0,0,0,2
1,0,0,0,0,0.0,0.0,0.5994,0,0,0,0,0,0,0,1,0.0,0,0,0,2
1,1,0,0,1,0.0,0.0,-0.9153,0,0,0,0,0,0,0,1,0.0,0,0,0,7
1,1,0,0,4,0.0,0.0,-0.6435,0,0,0,0,0,0,0,1,0.0,0,0,0,9
1,0,0,0,2,0.0,0.0,0.1238,0,0,0,0,0,0,0,0,0.0,0,0,0,4
1,1,0,0,0,0.4404,-0.2263,0.5623,0,0,0,0,1,0,0,1,0.0,0,0,0,8
1,1,0,0,1,0.0,0.0,0.0601,0,0,0,0,0,0,0,1,0.0,0,0,0,3
1,0,0,0,0,0.0,0.0,0.25,0,0,0,0,0,0,0,1,0.0,0,0,0,2
1,2,1,2,1,0.0,0.0,-0.5142,0,0,0,0,0,0,0,1,0.0,0,0,0,4
1,1,0,0,0,0.0,0.0,-0.802,0,0,0,0,0,0,0,1,0.0,0,0,0,1
1,0,1,0,0,0.0,0.0,-0.1531,0,0,0,0,0,0,0,1,0.0,0,0,0,1
1,0,0,0,1,0.0,0.0,-0.7184,0,0,0,0,0,0,0,1,0.0,0,0,0,2
1,1,0,1,0,0.0,0.0,-0.2263,0,0,0,0,0,0,0,1,0.0,0,0,0,1
1,0,0,0,0,0.0,-0.2263,-0.1186,0,0,0,0,0,0,0,4,0.0,0,0,0,2
1,0,0,1,1,0.0,0.0,0.4588,0,0,0,0,0,0,0,1,0.0,0,0,0,0
1,1,0,0,0,0.0,0.0,0.8481,0,0,0,0,0,0,0,2,0.0,0,0,0,7
1,1,0,0,1,0.4588,-0.2263,-0.7579,0,0,0,0,1,0,0,2,0.0,0,0,0,3
1,0,0,1,0,0.0,-0.2263,0.782,0,0,0,0,0,0,0,1,0.0,0,0,0,4
1,0,1,0,0,0.0,0.0,-0.8957,0,0,0,0,0,0,0,0,0.0,0,0,0,2
1,0,0,0,0,0.0,0.0,0.0,0,0,0,0,0,0,0,1,0.0,0,0,0,7
1,3,0,0,1,0.0,0.0,0.6249,0,0,0,0,0,0,0,0,0.0,0,0,0,3
1,0,0,0,0,0.0,-0.2263,-0.2263,0,0,0,0,0,0,0,1,0.0,0,0,0,0
1,3,0,0,0,0.0,0.0,-0.9509,0,0,0,0,0,0,0,1,0.0,0,0,0,5
1,0,0,0,0,0.0,0.0,-0.8798,0,0,0,0,0,0,0,1,0.0,0,0,0,2
1,0,0,0,1,0.0,0.0,-0.2732,0,0,0,0,0,0,0,1,0.0,0,0,0,2
1,0,0,0,0,0.0,0.0,-0.0516,0,0,0,0,0,0,0,0,0.0,0,0,0,0
1,0,0,0,0,0.0,0.0,0.6757,0,0,0,0,0,0,0,8,0.0,0,0,0,6
1,0,1,0,4,0.0,0.0,-0.8056,0,0,0,0,0,0,0,1,0.0,0,0,0,5
1,0,0,0,1,0.0,0.0,0.1027,0,0,0,0,0,0,0,2,0.0,0,0,0,5
1,0,0,0,1,0.0,0.0,0.8196,0,0,0,0,0,0,0,4,0.0,0,0,0,8
1,0,0,0,0,0.0,-0.2263,-0.6044,0,0,0,0,0,0,0,0,0.0,0,0,0,4
1,0,0,0,1,0.0,0.0,0.2455,0,0,0,0,0,0,0,1,0.0,0,0,0,8
1,0,0,0,0,0.0,0.0,-0.6444,0,0,0,0,0,0,0,2,0.0,0,0,0,4
1,1,0,0,0,0.0,0.0,-0.4972,0,0,0,0,0,0,0,0,0.0,0,0,0,6
1,0,1,0,0,0.0,0.0,-0.0772,0,0,0,0,0,0,0,0,0.0,0,0,0,1
1,0,0,0,1,0.0,0.0,-0.8689,0,0,0,0,0,0,0,1,0.0,0,0,0,5
1,0,1,0,0,0.0,0.0,-0.068,0,0,0,0,0,0,0,0,0.0,0,0,0,7
1,0,1,0,0,0.0,0.0,-0.2263,0,0,0,0,0,0,0,7,0.0,0,0,0,2
1,2,0,0,0,0.0,0.0,0.2263,0,0,0,0,0,0,0,2,0.0,0,0,0,6
1,0,3,0,1,0.0,0.0,-0.2263,0,0,0,0,0,0,0,0,0.0,0,0,0,4
1,0,0,0,0,0.0,0.0,0.0,0,0,0,0,0,0,0,0,0.0,0,0,0,0
1,0,0,0,0,0.0,0.0,0.4404,0,0,0,0,0,0,0,3,0.0,0,0,0,3
1,0,0,0,2,0.0,0.0,0.4588,0,0,0,0,0,0,0,1,0.0,0,0,0,3
1,0,1,1,0,0.0,0.0,0.0258,0,0,0,0,0,0,0,0,0.0,0,0,0,3
1,0,1,0,0,0.0,0.0,0.2425,0,0,0,0,0,0,0,0,0.0,0,0,0,9
1,2,0,0,0,0.0,-0.2263,-0.2263,0,0,0,0,0,0,0,0,0.0,0,0,0,1
1,0,0,0,0,0.0,0.0,0.296,0,0,0,0,0,0,0,0,0.0,0,0,0,4
1,0,0,0,0,0.0,-0.2263,-0.7351,0,0,0,0,0,0,0,0,0.0,0,0,0,1
1,0,0,0,1,0.0,-0.2263,0.3182,0,0,0,0,0,0,0,1,0.0,0,0,0,2
1,0,0,0,0,0.0,-0.2263,0.5106,0,0,0,0,0,0,0,0,0.0,0,0,0,2
1,0,0,0,0,0.0,0.0,0.5994,0,0,0,0,0,0,0,0,0.0,0,0,0,5
1,0,1,0,0,0.0,-0.2263,-0.6449,0,0,0,0,0,0,0,0,0.0,0,0,0,3
1,1,0,0,0,0.0,0.0,-0.34,0,0,0,0,0,0,0,0,0.0,0,0,0,1
1,0,1,0,0,0.0,-0.2263,0.1779,0,0,0,0,0,0,0,0,0.0,0,0,0,2
1,0,0,1,0,0.0,-0.2263,0.4404,0,0,0,0,0,0,0,0,0.0,0,0,0,0
1,1,0,0,0,0.0,0.0,-0.2263,0,0,0,0,0,0,0,0,0.0,0,0,0,3
1,0,0,0,0,0.0,0.0,-0.0646,0,0,0,0,0,0,0,0,0.0,0,0,0,1
1,0,0,0,1,0.0,0.0,0.6705,0,0,0,0,0,0,0,0,0.0,0,0,0,2
1,1,0,0,0,0.0,-0.2263,-0.2263,0,0,0,0,0,0,0,0,0.0,0,0,0,3
1,0,0,0,0,0.0,-0.2263,0.5106,0,0,0,0,0,0,0,0,0.0,0,0,0,2
1,1,0,0,0,0.0,0.0,0.7065,0,0,0,0,0,0,0,0,0.0,0,0,0,0
1,0,0,0,0,0.0,0.0,0.5106,0,0,0,0,0,0,0,1,0.0,0,0,0,3
1,1,0,0,1,0.0,-0.2263,0.2732,0,0,0,0,0,0,0,0,0.0,0,0,0,1
1,0,0,0,0,0.0,0.0,-0.0284,0,0,0,0,0,0,0,0,0.0,0,0,0,3
1,0,0,0,0,0.0,-0.2263,0.0276,0,0,0,0,0,0,0,0,0.0,0,0,0,1
1,0,0,0,1,0.0,-0.2263,-0.1548,0,0,0,0,0,0,0,0,0.0,0,0,0,3
1,0,0,0,1,0.0,-0.2263,-0.2263,0,0,0,0,0,0,0,0,0.0,0,0,0,0
1,0,1,0,0,0.0,-0.2263,0.2175,0,0,0,0,0,0,0,0,0.0,0,0,0,1
1,0,0,0,0,0.0,0.0,0.209,0,0,0,0,0,0,0,0,0.0,0,0,0,2
1,0,0,0,0,0.0,0.0,-0.2263,0,0,0,0,0,0,0,0,0.0,0,0,0,3
1,0,0,0,0,0.0,0.0,0.4939,0,0,0,0,0,0,0,0,0.0,0,0,0,2
1,0,0,0,0,0.0,0.0,0.0772,0,0,0,0,0,0,0,0,0.0,0,0,0,2
1,0,0,0,0,0.0,0.0,0.0,0,0,0,0,0,0,0,0,0.0,0,0,0,1
1,0,1,0,1,0.0,0.0,0.5157,0,0,0,0,0,0,0,1,0.0,0,0,0,1
1,0,2,0,0,0.0,0.0,0.0772,0,0,0,0,0,0,0,3,0.0,0,0,0,4
1,0,1,0,1,0.0,0.0,-0.1779,0,0,0,0,0,0,0,1,0.0,0,0,0,3
1,0,0,0,0,0.0,0.0,0.2732,0,0,0,0,0,0,0,0,0.0,0,0,0,3
1,0,1,1,0,0.0,0.0,0.8402,0,0,0,0,0,0,0,1,0.0,0,0,0,2
1,2,1,0,2,0.0,0.0,-0.8067,0,0,0,0,0,0,0,1,0.0,0,0,0,6
1,0,1,2,1,0.0,0.0,-0.2732,0,0,0,0,0,0,0,3,0.0,0,0,0,2
1,0,0,0,0,0.0,0.0,-0.7579,0,0,0,0,0,0,0,2,0.0,0,0,0,3
1,0,0,1,0,0.0,0.0,0.0772,0,0,0,0,0,0,0,1,0.0,0,0,0,2
1,0,0,0,2,0.3612,0.0,0.8171,0,0,0,0,1,0,0,0,0.0,0,0,0,4
1,0,0,0,1,0.0,0.0,0.1531,0,0,0,0,0,0,0,0,0.0,0,0,0,2
1,0,0,0,3,0.0,0.0,0.7125,0,0,0,0,0,0,0,0,0.0,0,0,0,0
1,1,0,0,2,0.4404,0.0,0.7351,0,0,0,0,1,0,0,0,0.0,0,0,0,1
1,0,0,0,3,0.0,-0.2263,0.0828,0,0,0,0,0,0,0,0,0.0,0,0,0,1
1,0,0,0,2,0.0,0.0,0.9921,0,0,0,0,0,0,0,0,0.0,0,0,0,1
1,0,0,0,2,0.0,-0.2263,0.8519,0,0,0,0,0,0,0,0,0.0,0,0,0,1
1,0,0,0,1,0.0,0.0,0.4939,0,0,0,0,0,0,0,0,0.0,0,0,0,3
1,0,0,0,1,0.0,0.0,0.5106,0,0,0,0,0,0,0,0,0.0,0,0,0,2
1,1,0,0,1,0.0,-0.2263,0.4404,0,0,0,0,0,0,0,0,0.0,0,0,0,1
1,0,0,0,2,0.0,0.0,0.4588,0,0,0,0,0,0,0,0,0.0,0,0,0,0
1,0,0,0,1,0.3612,0.0,0.7717,0,0,0,0,1,0,0,0,0.0,0,0,0,0
1,0,0,0,2,0.0,0.0,0.7579,0,0,0,0,0,0,0,1,0.0,0,0,0,1
1,0,0,1,2,0.0,0.0,0.5106,0,0,0,0,0,0,0,1,0.0,0,0,0,3
1,0,0,0,2,0.0,0.0,0.4588,0,0,0,0,0,0,0,0,0.0,0,0,0,2
1,0,0,0,3,0.0,-0.2263,0.9909,0,0,0,0,0,0,0,0,0.0,0,0,0,2
1,0,0,0,1,0.0,0.0,0.2732,0,0,0,0,0,0,0,0,0.0,0,0,0,0
1,0,0,1,1,0.0,0.0,0.9186,0,0,0,0,0,0,0,0,0.0,0,0,0,3
1,1,0,0,0,0.0,-0.2263,-0.0,0,0,0,0,0,0,0,0,0.0,0,0,0,2
1,0,0,0,1,0.7184,0.0,0.8779,0,0,0,0,1,0,0,0,0.0,0,0,0,3
1,0,0,0,2,0.4404,0.0,0.25,0,0,0,0,1,0,0,1,0.0,0,0,0,2
1,0,0,1,4,0.0,0.0,0.0,0,0,0,0,0,0,0,0,0.0,0,0,0,0
1,0,0,0,2,0.0,-0.2263,-0.3328,0,0,0,0,0,0,0,0,0.0,0,0,0,3
1,0,0,0,0,0.0,0.0,-0.6249,0,0,0,0,0,0,0,0,0.0,0,0,0,2
1,0,0,0,1,0.0,0.0,-0.2047,0,0,0,0,0,0,0,0,0.0,0,0,0,5
1,0,0,0,2,0.0,0.0,0.3415,0,0,0,0,0,0,0,0,0.0,0,0,0,2
1,0,0,0,1,0.0,0.0,-0.8209,0,0,0,0,0,0,0,0,0.0,0,0,0,3
1,0,0,0,1,0.0,-0.2263,0.2732,0,0,0,0,0,0,0,0,0.0,0,0,0,0
1,0,0,0,1,0.0,-0.2263,0.6115,0,0,0,0,0,0,0,0,0.0,0,0,0,3
1,0,0,0,0,0.0,0.0,0.5279,0,0,0,0,0,0,0,0,0.0,0,0,0,2
1,0,0,0,1,-0.4466,0.0,0.4643,0,0,0,0,1,0,0,0,0.0,0,0,0,3
1,0,0,0,1,0.0,0.0,0.1531,0,0,0,0,0,0,0,0,0.0,0,0,0,6
1,1,0,0,1,0.0,0.0,0.2023,0,0,0,0,0,0,0,0,0.0,0,0,0,2
1,0,0,0,0,0.0,0.0,0.5859,0,0,0,0,0,0,0,0,0.0,0,0,0,4
1,0,0,0,0,0.0,0.0,0.8402,0,0,0,0,0,0,0,0,0.0,0,0,0,1
1,0,0,0,0,0.0,0.0,0.3612,0,0,0,0,0,0,0,0,0.0,0,0,0,1
1,1,0,0,0,0.0,0.0,0.6369,0,0,0,0,0,0,0,3,0.0,0,0,0,1
1,0,0,0,0,0.0,0.0,0.5719,0,0,0,0,0,0,0,0,0.0,0,0,0,1
1,1,1,0,0,0.0,0.0,-0.2263,0,0,0,0,0,0,0,0,0.0,0,0,0,2
1,1,0,0,0,0.0,0.0,0.4215,0,0,0,0,0,0,0,0,0.0,0,0,0,5
1,1,0,0,4,0.0,0.0,-0.2579,0,0,0,0,0,0,0,1,0.0,0,0,0,2
1,0,1,0,1,0.0,-0.2263,0.8663,0,0,0,0,0,0,0,0,0.0,0,0,0,8
1,1,0,0,2,0.0,0.0,-0.491,0,0,0,0,0,0,0,0,0.0,0,0,0,5
1,0,0,0,2,0.0,0.0,0.0,0,0,0,0,0,0,0,0,0.0,0,0,0,3
1,0,0,0,0,0.0,0.0,0.6124,0,0,0,0,0,0,0,0,0.0,0,0,0,1
1,0,0,0,0,-0.9081,0.0,-0.8834,0,0,0,0,1,0,0,0,0.0,0,0,0,0
1,0,0,0,3,0.0,0.0,-0.0516,0,0,0,0,0,0,0,0,0.0,0,0,0,1
1,0,0,0,0,0.0,-0.2263,0.1531,0,0,0,0,0,0,0,1,0.0,0,0,0,4
1,0,0,0,0,0.0,0.0,0.1695,0,0,0,0,0,0,0,0,0.0,0,0,0,3
1,1,0,0,1,0.0,0.0,0.6369,0,0,0,0,0,0,0,0,0.0,0,0,0,5
1,0,0,0,1,0.0,0.0,0.0,0,0,0,0,0,0,0,0,0.0,0,0,0,1
1,0,0,0,1,0.0,0.0,0.5662,0,0,0,0,0,0,0,0,0.0,0,0,0,1
1,0,0,0,0,0.0,0.0,0.0,0,0,0,0,0,0,0,0,0.0,0,0,0,1
1,0,0,0,0,0.0,0.0,0.2247,0,0,0,0,0,0,0,0,0.0,0,0,0,3
1,0,0,0,1,0.0,0.0,-0.4767,0,0,0,0,0,0,0,1,0.0,0,0,0,1
1,0,0,0,0,0.0,-0.2263,-0.2263,0,0,0,0,0,0,0,0,0.0,0,0,0,1
1,1,2,0,1,0.0,0.0,-0.1531,0,0,0,0,0,0,0,0,0.0,0,0,0,3
1,0,0,0,1,0.0,-0.2263,-0.5994,0,0,0,0,0,0,0,0,0.0,0,0,0,5
1,0,0,0,1,0.0,-0.2263,-0.5106,0,0,0,0,0,0,0,0,0.0,0,0,0,2
1,0,0,0,0,0.0,0.0,0.1695,0,0,0,0,0,0,0,0,0.0,0,0,0,1
1,0,0,0,0,0.0,-0.2263,-0.4026,0,0,0,0,0,0,0,2,0.0,0,0,0,5
1,0,0,0,0,0.0,0.0,-0.5719,0,0,0,0,0,0,0,0,0.0,0,0,0,1
1,0,0,0,0,0.0,-0.2263,-0.2263,0,0,0,0,0,0,0,0,0.0,0,0,0,5
1,0,0,0,1,0.0,0.0,0.431,0,0,0,0,0,0,0,0,0.0,0,0,0,3
1,0,0,0,0,0.0,0.0,0.7845,0,0,0,0,0,0,0,1,0.0,0,0,0,4
1,0,0,2,2,0.0,-0.2263,-0.1306,0,0,0,0,0,0,0,0,0.0,0,0,0,1
1,0,0,2,5,0.0,0.0,0.0396,0,0,0,0,0,0,0,1,0.0,0,0,0,2
1,1,0,0,1,0.0,0.0,-0.1779,0,0,0,0,0,0,0,0,0.0,0,0,0,1
1,0,0,0,0,0.0,0.0,-0.34,0,0,0,0,0,0,0,1,0.0,0,0,0,2
1,0,0,0,0,0.8316,0.0,0.9369,0,0,0,0,1,0,0,1,0.0,0,0,0,2
1,0,0,0,1,0.0,0.0,0.5106,0,0,0,0,0,0,0,1,0.0,0,0,0,4
1,0,0,0,2,0.0,0.0,0.211,0,0,0,0,0,0,0,0,0.0,0,0,0,0
1,0,0,0,0,0.0,-0.2263,-0.5719,0,0,0,0,0,0,0,0,0.0,0,0,0,1
1,0,0,0,0,0.0,0.0,-0.4404,0,0,0,0,0,0,0,0,0.0,0,0,0,2
1,0,0,0,0,0.0,0.0,0.6369,0,0,0,0,0,0,0,1,0.0,0,0,0,2
1,0,0,0,0,0.0,0.0,0.6774,0,0,0,0,0,0,0,0,0.0,0,0,0,0
1,2,0,0,0,0.0,0.0,-0.2023,0,0,0,0,0,0,0,1,0.0,0,0,0,3
1,0,0,0,0,0.0,0.0,0.2449,0,0,0,0,0,0,0,0,0.0,0,0,0,2
1,0,0,0,0,0.0,-0.3182,0.0516,0,0,0,0,0,0,0,0,0.0,0,0,0,2
1,0,0,0,0,0.0,-0.2263,0.8758,0,0,0,0,0,0,0,0,0.0,0,0,0,4
1,3,0,0,0,0.0,0.0,0.9697,0,0,0,0,0,0,0,0,0.0,0,0,0,0
1,0,0,0,0,0.0,0.0,0.3612,0,0,0,0,0,0,0,0,0.0,0,0,0,1
1,1,0,0,0,0.0,0.0,0.6369,0,0,0,0,0,0,0,3,0.0,0,0,0,1
1,0,0,0,0,0.0,0.0,0.5719,0,0,0,0,0,0,0,0,0.0,0,0,0,1
1,1,1,0,0,0.0,0.0,-0.2263,0,0,0,0,0,0,0,0,0.0,0,0,0,2
1,1,0,0,0,0.0,0.0,0.4215,0,0,0,0,0,0,0,0,0.0,0,0,0,5
1,1,0,0,4,0.0,0.0,-0.2579,0,0,0,0,0,0,0,1,0.0,0,0,0,2
1,0,1,0,1,0.0,-0.2263,0.8663,0,0,0,0,0,0,0,0,0.0,0,0,0,8
1,1,0,0,2,0.0,0.0,-0.491,0,0,0,0,0,0,0,0,0.0,0,0,0,5
1,0,0,0,2,0.0,0.0,0.0,0,0,0,0,0,0,0,0,0.0,0,0,0,3
1,0,0,0,0,0.0,0.0,0.6124,0,0,0,0,0,0,0,0,0.0,0,0,0,1
1,0,0,0,0,-0.9081,0.0,-0.8834,0,0,0,0,1,0,0,0,0.0,0,0,0,0
1,0,0,0,3,0.0,0.0,-0.0516,0,0,0,0,0,0,0,0,0.0,0,0,0,1
1,0,0,0,0,0.0,-0.2263,0.1531,0,0,0,0,0,0,0,1,0.0,0,0,0,4
1,0,0,0,0,0.0,0.0,0.1695,0,0,0,0,0,0,0,0,0.0,0,0,0,3
1,1,0,0,1,0.0,0.0,0.6369,0,0,0,0,0,0,0,0,0.0,0,0,0,5
1,0,0,0,1,0.0,0.0,0.0,0,0,0,0,0,0,0,0,0.0,0,0,0,1
1,0,0,0,1,0.0,0.0,0.5662,0,0,0,0,0,0,0,0,0.0,0,0,0,1
1,0,0,0,0,0.0,0.0,0.0,0,0,0,0,0,0,0,0,0.0,0,0,0,1
1,0,0,0,0,0.0,0.0,0.2247,0,0,0,0,0,0,0,0,0.0,0,0,0,3
1,0,0,0,1,0.0,0.0,-0.4767,0,0,0,0,0,0,0,1,0.0,0,0,0,1
1,0,0,0,0,0.0,-0.2263,-0.2263,0,0,0,0,0,0,0,0,0.0,0,0,0,1
1,1,2,0,1,0.0,0.0,-0.1531,0,0,0,0,0,0,0,0,0.0,0,0,0,3
1,0,0,0,1,0.0,-0.2263,-0.5994,0,0,0,0,0,0,0,0,0.0,0,0,0,5
1,0,0,0,1,0.0,-0.2263,-0.5106,0,0,0,0,0,0,0,0,0.0,0,0,0,2
1,0,0,0,0,0.0,0.0,0.1695,0,0,0,0,0,0,0,0,0.0,0,0,0,1
1,0,0,0,0,0.0,-0.2263,-0.4026,0,0,0,0,0,0,0,2,0.0,0,0,0,5
1,0,0,0,0,0.0,0.0,-0.5719,0,0,0,0,0,0,0,0,0.0,0,0,0,1
1,0,0,0,0,0.0,-0.2263,-0.2263,0,0,0,0,0,0,0,0,0.0,0,0,0,5
1,0,0,0,1,0.0,0.0,0.431,0,0,0,0,0,0,0,0,0.0,0,0,0,3
1,0,0,0,0,0.0,0.0,0.7845,0,0,0,0,0,0,0,1,0.0,0,0,0,4
1,0,0,2,2,0.0,-0.2263,-0.1306,0,0,0,0,0,0,0,0,0.0,0,0,0,1
1,0,0,2,5,0.0,0.0,0.0396,0,0,0,0,0,0,0,1,0.0,0,0,0,2
1,1,0,0,1,0.0,0.0,-0.1779,0,0,0,0,0,0,0,0,0.0,0,0,0,1
1,0,0,0,0,0.0,0.0,-0.34,0,0,0,0,0,0,0,1,0.0,0,0,0,2
1,0,0,0,0,0.8316,0.0,0.9369,0,0,0,0,1,0,0,1,0.0,0,0,0,2
1,0,0,0,1,0.0,0.0,0.5106,0,0,0,0,0,0,0,1,0.0,0,0,0,4
1,0,0,0,2,0.0,0.0,0.211,0,0,0,0,0,0,0,0,0.0,0,0,0,0
1,0,0,0,0,0.0,-0.2263,-0.5719,0,0,0,0,0,0,0,0,0.0,0,0,0,1
1,0,0,0,0,0.0,0.0,-0.4404,0,0,0,0,0,0,0,0,0.0,0,0,0,2
1,0,0,0,0,0.0,0.0,0.6369,0,0,0,0,0,0,0,1,0.0,0,0,0,2
1,0,0,0,0,0.0,0.0,0.6774,0,0,0,0,0,0,0,0,0.0,0,0,0,0
1,2,0,0,0,0.0,0.0,-0.2023,0,0,0,0,0,0,0,1,0.0,0,0,0,3
1,0,0,0,0,0.0,0.0,0.2449,0,0,0,0,0,0,0,0,0.0,0,0,0,2
1,0,0,0,0,0.0,-0.3182,0.0516,0,0,0,0,0,0,0,0,0.0,0,0,0,2
1,0,0,0,0,0.0,-0.2263,0.8758,0,0,0,0,0,0,0,0,0.0,0,0,0,4
1,3,0,0,0,0.0,0.0,0.9697,0,0,0,0,0,0,0,0,0.0,0,0,0,0
1,1,0,0,0,0.0,0.0,0.6486,0,0,0,0,0,0,0,0,0.0,0,0,0,1
1,1,0,0,0,0.0,0.0,0.9001,0,0,0,0,0,0,0,1,0.0,0,0,0,3
1,0,0,0,0,0.0,-0.2263,-0.6124,0,0,0,0,0,0,0,1,0.0,0,0,0,1
1,1,0,0,0,0.0,0.0,0.3976,0,0,0,0,0,0,0,0,0.0,0,0,0,2
1,2,0,0,3,0.0,0.0,0.4588,0,0,0,0,0,0,0,0,0.0,0,0,0,6
1,0,0,0,0,0.0,0.0,-0.7378,0,0,0,0,0,0,0,0,0.0,0,0,0,0
1,0,0,0,0,0.0,0.0,0.4767,0,0,0,0,0,0,0,0,0.0,0,0,0,0
1,0,0,0,1,0.0,0.0,-0.629,0,0,0,0,0,0,0,0,0.0,0,0,0,2
1,0,0,0,0,0.0,-0.2263,0.4767,0,0,0,0,0,0,0,0,0.0,0,0,0,4
1,1,0,0,1,0.0,0.0,0.0,0,0,0,0,0,0,0,0,0.0,0,0,0,0
1,1,0,0,0,0.0,0.0,-0.6808,0,0,0,0,0,0,0,0,0.0,0,0,0,1
1,0,0,0,3,0.0,0.0,-0.6129,0,0,0,0,0,0,0,1,0.0,0,0,0,5
1,0,0,1,0,0.0,-0.2263,-0.7717,0,0,0,0,0,0,0,1,0.0,0,0,0,0
1,1,0,0,0,0.0,0.0,-0.1779,0,0,0,0,0,0,0,1,0.0,0,0,0,2
1,1,0,0,1,0.4404,-0.2263,0.6249,0,0,0,0,1,0,0,1,0.0,0,0,0,4
1,1,0,0,0,0.0,0.0,0.802,0,0,0,0,0,0,0,0,0.0,0,0,0,1
1,1,0,0,0,0.0,0.0,0.7841,0,0,0,0,0,0,0,0,0.0,0,0,0,0
1,0,1,0,1,0.0,-0.2263,0.1548,0,0,0,0,0,0,0,0,0.0,0,0,0,2
1,0,0,0,1,0.0,0.0,0.4927,0,0,0,0,0,0,0,2,0.0,0,0,0,2
1,0,0,0,0,0.0,-0.2263,-0.3626,0,0,0,0,0,0,0,0,0.0,0,0,0,4
1,0,0,0,0,0.0,0.0,-0.6249,0,0,0,0,0,0,0,0,0.0,0,0,0,3
1,0,0,0,0,0.0,0.0,0.0,0,0,0,0,0,0,0,0,0.0,0,0,0,3
1,0,0,0,1,0.0,0.0,0.8271,0,0,0,0,0,0,0,2,0.0,0,0,0,2
1,2,0,0,0,0.0,0.0,-0.2732,0,0,0,0,0,0,0,1,0.0,0,0,0,3
1,0,0,0,0,0.0,0.0,0.296,0,0,0,0,0,0,0,1,0.0,0,0,0,3
1,2,0,0,0,0.0,0.0,0.4019,0,0,0,0,0,0,0,0,0.0,0,0,0,7
1,0,0,0,2,0.0,0.0,0.9029,0,0,0,0,0,0,0,0,0.0,0,0,0,3
1,0,1,0,0,0.0,0.0,-0.0772,0,0,0,0,0,0,0,1,0.0,0,0,0,4
1,0,0,0,0,0.0,0.0,0.6774,0,0,0,0,0,0,0,0,0.0,0,0,0,0
1,1,0,0,8,0.7184,0.0,0.8708,0,0,0,0,1,0,0,0,0.0,0,0,0,5
1,0,0,0,8,0.0,-0.2263,-0.8091,0,0,0,0,0,0,0,0,0.0,0,0,0,2
1,0,0,0,0,0.0,0.0,-0.8702,0,0,0,0,0,0,0,0,0.0,0,0,0,2
1,0,0,0,1,0.0,0.0,0.872,0,0,0,0,0,0,0,0,0.0,0,0,0,2
1,0,0,0,1,0.0,0.0,0.505,0,0,0,0,0,0,0,1,0.0,0,0,0,4
1,0,0,0,2,0.0,-0.2263,0.5333,0,0,0,0,0,0,0,0,0.0,0,0,0,3
1,0,0,0,1,0.4588,0.0,0.4497,0,0,0,0,1,0,0,0,0.0,0,0,0,3
1,0,0,0,0,0.0,0.0,0.0,0,0,0,0,0,0,0,2,0.0,0,0,0,2
1,0,0,0,0,0.0,-0.2263,-0.3182,0,0,0,0,0,0,0,0,0.0,0,0,0,2
1,0,0,0,1,0.0,0.0,0.8225,0,0,0,0,0,0,0,0,0.0,0,0,0,4
1,0,0,0,0,0.0,0.0,0.128,0,0,0,0,0,0,0,0,0.0,0,0,0,4
1,0,0,0,0,0.0,0.0,0.6597,0,0,0,0,0,0,0,0,0.0,0,0,0,2
1,2,0,0,0,0.0,0.0,0.7574,0,0,0,0,0,0,0,0,0.0,0,0,0,3
1,0,1,0,1,0.0,0.0,0.5106,0,0,0,0,0,0,0,1,0.0,0,0,0,2
1,0,0,0,0,0.0,-0.2263,0.5423,0,0,0,0,0,0,0,0,0.0,0,0,0,3
1,0,0,0,0,0.0,-0.2263,-0.2263,0,0,0,0,0,0,0,0,0.0,0,0,0,2
1,0,1,0,1,0.0,0.0,-0.6908,0,0,0,0,0,0,0,1,0.0,0,0,0,5
1,0,0,0,1,0.0,-0.2263,-0.2263,0,0,0,0,0,0,0,0,0.0,0,0,0,1
1,0,0,1,8,0.0,-0.2263,0.9445,0,0,0,0,0,0,0,0,0.0,0,0,0,0
1,0,0,0,0,0.0,-0.2263,-0.7184,0,0,0,0,0,0,0,0,0.0,0,0,0,2
1,0,0,0,0,0.0,-0.2263,-0.4606,0,0,0,0,0,0,0,1,0.0,0,0,0,1
1,0,0,0,1,0.8402,0.0,0.7964,0,0,0,0,1,0,0,0,0.0,0,0,0,3
1,0,0,0,1,0.0,0.0,-0.0516,0,0,0,0,0,0,0,0,0.0,0,0,0,0
1,0,0,0,0,0.0,0.0,0.0,0,0,0,0,0,0,0,0,0.0,0,0,0,3
1,0,0,0,0,0.0,0.0,0.0,0,0,0,0,0,0,0,0,0.0,0,0,0,0
1,0,0,0,2,0.0,0.0,0.5095,0,0,0,0,0,0,0,0,0.0,0,0,0,1
1,0,0,0,0,0.0,0.0,0.4404,0,0,0,0,0,0,0,1,0.0,0,0,0,1
1,0,0,0,0,0.0,0.0,0.2732,0,0,0,0,0,0,0,0,0.0,0,0,0,3
1,0,0,0,1,0.0,0.0,0.5106,0,0,0,0,0,0,0,0,0.0,0,0,0,1
1,0,0,0,3,0.0,-0.2263,-0.1531,0,0,0,0,0,0,0,0,0.0,0,0,0,1
1,1,0,0,1,0.0,-0.2263,0.3919,0,0,0,0,0,0,0,0,0.0,0,0,0,1
1,0,0,0,3,0.7906,0.0,0.9087,0,0,0,0,1,0,0,1,0.0,0,0,0,1
1,0,0,0,7,0.0,0.0,0.8286,0,0,0,0,0,0,0,0,0.0,0,0,0,2
1,0,0,0,1,0.0,0.0,0.7065,0,0,0,0,0,0,0,0,0.0,0,0,0,1
1,0,0,0,2,0.0,0.0,-0.2263,0,0,0,0,0,0,0,0,0.0,0,0,0,3
1,0,0,0,1,0.0,0.0,-0.5106,0,0,0,0,0,0,0,0,0.0,0,0,0,3
1,1,0,0,9,0.0,0.0,0.9503,0,0,0,0,0,0,0,0,0.0,0,0,0,5
1,0,0,0,0,0.0,0.0,0.891,0,0,0,0,0,0,0,0,0.0,0,0,0,2
1,0,0,0,0,0.0,-0.2263,-0.3818,0,0,0,0,0,0,0,0,0.0,0,0,0,3
1,0,1,0,0,0.0,0.0,-0.1027,0,0,0,0,0,0,0,1,0.0,0,0,0,2
1,0,0,0,0,0.0,0.0,0.1724,0,0,0,0,0,0,0,0,0.0,0,0,0,5
1,1,0,0,0,0.0,-0.2263,-0.7096,0,0,0,0,0,0,0,0,0.0,0,0,0,1
1,0,0,0,1,0.0,0.0,0.0,0,0,0,0,0,0,0,1,0.0,0,0,0,1
1,0,0,0,2,0.0,-0.2263,-0.25,0,0,0,0,0,0,0,0,0.0,0,0,0,1
1,0,0,0,0,0.0,0.0,0.0,0,0,0,0,0,0,0,0,0.0,0,0,0,0
1,0,0,0,0,0.0,0.0,0.7783,0,0,0,0,0,0,0,1,0.0,0,0,0,4
1,0,0,0,1,0.0,0.0,0.0,0,0,0,0,0,0,0,0,0.0,0,0,0,2
1,0,0,0,0,0.9001,0.0,0.9527,0,0,0,0,1,0,0,0,0.0,0,0,0,1
1,0,0,0,0,0.0,0.0,-0.4404,0,0,0,0,0,0,0,0,0.0,0,0,0,3
1,0,0,0,1,0.0,-0.2263,0.5423,0,0,0,0,0,0,0,0,0.0,0,0,0,5
1,0,0,0,1,0.0,0.0,0.8479,0,0,0,0,0,0,0,0,0.0,0,0,0,3
1,1,0,0,1,0.0,0.0,0.9493,0,0,0,0,0,0,0,1,0.0,0,0,0,6
1,2,0,0,0,0.0,-0.2263,0.2023,0,0,0,0,0,0,0,1,0.0,0,0,0,1
1,1,1,0,2,0.0,0.0,-0.3875,0,0,0,0,0,0,0,1,0.0,0,0,0,5
1,0,0,0,0,0.0,-0.2263,0.7424,0,0,0,0,0,0,0,0,0.0,0,0,0,0
1,0,0,0,0,0.0,0.0,0.0,0,0,0,0,0,0,0,0,0.0,0,0,0,1
1,0,0,0,0,0.4404,0.0,0.4404,0,0,0,0,1,0,0,0,0.0,0,0,0,1
1,0,0,0,0,0.0,0.0,0.6486,0,0,0,0,0,0,0,0,0.0,0,0,0,1
1,0,0,0,1,0.0,-0.2263,-0.4767,0,0,0,0,0,0,0,0,0.0,0,0,0,3
1,0,0,1,0,0.0,0.0,-0.5719,0,0,0,0,0,0,0,1,0.0,0,0,0,3
1,0,0,0,0,0.0,0.0,0.0,0,0,0,0,0,0,0,0,0.0,0,0,0,2
1,0,0,0,0,0.0,0.0,0.1695,0,0,0,0,0,0,0,1,0.0,0,0,0,1
1,1,1,0,2,0.0,0.0,-0.8174,0,0,0,0,0,0,0,1,0.0,0,0,0,3
1,0,0,0,1,0.0,0.0,-0.2263,0,0,0,0,0,0,0,0,0.0,0,0,0,1
1,0,0,0,4,0.0,0.0,0.9719,0,0,0,0,0,0,0,0,0.0,0,0,0,0
1,2,0,0,1,0.0,-0.2263,-0.6124,0,0,0,0,0,0,0,0,0.0,0,0,0,5
1,0,1,0,0,0.0,-0.2263,-0.7828,0,0,0,0,0,0,0,1,0.0,0,0,0,3
1,2,0,0,1,0.0,0.0,0.0,0,0,0,0,0,0,0,0,0.0,0,0,0,0
1,0,0,0,1,0.0,-0.2263,0.1531,0,0,0,0,0,0,0,0,0.0,0,0,0,2
1,0,0,0,2,0.0,0.0,0.9001,0,0,0,0,0,0,0,1,0.0,0,0,0,2
1,2,0,0,2,0.0,0.0,-0.6054,0,0,0,0,0,0,0,2,0.0,0,0,0,0
1,0,1,0,0,0.0,-0.2263,-0.4939,0,0,0,0,0,0,0,0,0.0,0,0,0,2
1,2,0,0,1,0.0,0.0,-0.3564,0,0,0,0,0,0,0,0,0.0,0,0,0,3
1,0,0,0,1,0.0,-0.2263,-0.3612,0,0,0,0,0,0,0,0,0.0,0,0,0,2
1,0,0,0,1,0.0,-0.2263,0.7906,0,0,0,0,0,0,0,0,0.0,0,0,0,7
1,0,0,0,0,0.0,-0.2263,0.4404,0,0,0,0,0,0,0,0,0.0,0,0,0,1
1,1,0,0,0,0.0,0.0,0.8535,0,0,0,0,0,0,0,0,0.0,0,0,0,2
1,0,0,0,0,0.0,0.0,0.1027,0,0,0,0,0,0,0,0,0.0,0,0,0,4
1,0,0,0,1,0.0,0.0,0.0941,0,0,0,0,0,0,0,0,0.0,0,0,0,3
1,0,0,0,2,0.0,-0.2263,0.0,0,0,0,0,0,0,0,0,0.0,0,0,0,3
1,0,0,0,0,0.0,-0.2263,-0.2263,0,0,0,0,0,0,0,0,0.0,0,0,0,4
1,3,0,0,1,0.0,0.0,-0.7003,0,0,0,0,0,0,0,1,0.0,0,0,0,1
1,1,1,0,0,0.0,0.0,0.7783,0,0,0,0,0,0,0,0,0.0,0,0,0,1
1,0,0,0,1,0.0,-0.2263,0.2263,0,0,0,0,0,0,0,0,0.0,0,0,0,3
1,0,0,0,1,0.0,0.0,0.3612,0,0,0,0,0,0,0,1,0.0,0,0,0,2
1,1,1,0,1,0.3612,0.0,0.857,0,0,0,0,1,0,0,1,0.0,0,0,0,6
1,0,0,0,1,0.0,0.0,-0.2263,0,0,0,0,0,0,0,0,0.0,0,0,0,0
1,0,0,0,0,0.0,0.0,0.6369,0,0,0,0,0,0,0,2,0.0,0,0,0,0
1,0,2,0,0,0.0,-0.2263,0.6249,0,0,0,0,0,0,0,0,0.0,0,0,0,0
1,0,0,0,0,0.0,0.0,0.3612,0,0,0,0,0,0,0,0,0.0,0,0,0,2
1,1,0,0,1,0.0,0.0,0.0,0,0,0,0,0,0,0,0,0.0,0,0,0,3
1,0,0,0,0,0.4404,0.0,0.5859,0,0,0,0,1,0,0,0,0.0,0,0,0,2
1,0,0,0,0,0.0,-0.2263,-0.891,0,0,0,0,0,0,0,0,0.0,0,0,0,0
1,0,0,0,1,0.0,0.0,0.8008,0,0,0,0,0,0,0,0,0.0,0,0,0,5
1,0,0,0,0,0.0,-0.2263,-0.2263,0,0,0,0,0,0,0,0,0.0,0,0,0,3
1,0,0,0,0,0.0,0.0,-0.3612,0,0,0,0,0,0,0,1,0.0,0,0,0,0
1,0,1,0,1,0.0,-0.2263,-0.4767,0,0,0,0,0,0,0,0,0.0,0,0,0,1
1,0,0,0,0,0.0,0.0,-0.7351,0,0,0,0,0,0,0,0,0.0,0,0,0,5
1,0,0,0,0,0.0,0.0,-0.284,0,0,0,0,0,0,0,0,0.0,0,0,0,4
1,0,0,1,0,0.0,0.0,0.7845,0,0,0,0,0,0,0,1,0.0,0,0,0,2
1,0,0,0,0,0.0,0.0,0.4404,0,0,0,0,0,0,0,1,0.0,0,0,0,1
1,0,0,0,0,0.0,0.0,-0.0798,0,0,0,0,0,0,0,1,0.0,0,0,0,4
1,0,0,0,3,0.0,0.0,0.8555,0,0,0,0,0,0,0,1,0.0,0,0,0,3
1,0,0,0,0,0.0,-0.2263,-0.4767,0,0,0,0,0,0,0,0,0.0,0,0,0,4
1,0,0,0,0,0.0,-0.2263,-0.128,0,0,0,0,0,0,0,0,0.0,0,0,0,3
1,0,0,0,1,0.0,0.0,0.7469,0,0,0,0,0,0,0,0,0.0,0,0,0,4
1,0,2,0,0,0.0,-0.2263,0.128,0,0,0,0,0,0,0,0,0.0,0,0,0,3
1,0,0,0,0,0.0,0.0,0.128,0,0,0,0,0,0,0,0,0.0,0,0,0,3
1,0,1,0,0,0.0,-0.2263,-0.4767,0,0,0,0,0,0,0,0,0.0,0,0,0,1
1,0,0,0,1,0.4588,0.0,0.802,0,0,0,0,1,0,0,0,0.0,0,0,0,0
1,2,0,0,2,0.0,0.0,0.6369,0,0,0,0,0,0,0,3,0.0,0,0,0,0
1,0,0,0,1,0.0,0.0,0.8458,0,0,0,0,0,0,0,1,0.0,0,0,0,3
1,0,0,0,1,0.0,0.0,0.4767,0,0,0,0,0,0,0,0,0.0,0,0,0,3
1,1,0,1,0,0.0,0.0,0.1779,0,0,0,0,0,0,0,0,0.0,0,0,0,3
1,0,0,0,2,0.0,0.0,0.5106,0,0,0,0,0,0,0,0,0.0,0,0,0,1
1,0,0,0,0,0.0,0.0,-0.34,0,0,0,0,0,0,0,0,0.0,0,0,0,4
1,1,0,0,0,0.0,0.0,0.0,0,0,0,0,0,0,0,0,0.0,0,0,0,1
1,0,0,0,3,0.0,0.0,-0.9022,0,0,0,0,0,0,0,1,0.0,0,0,0,1
1,0,0,0,2,0.0,-0.2263,0.5106,0,0,0,0,0,0,0,1,0.0,0,0,0,3
1,0,0,0,0,0.0,-0.4215,-0.4215,0,0,0,0,0,0,0,0,0.0,0,0,0,1
1,0,0,0,3,0.0,0.0,0.1326,0,0,0,0,0,0,0,1,0.0,0,0,0,4
1,0,0,0,1,0.0,0.0,0.9719,0,0,0,0,0,0,0,1,0.0,0,0,0,3
1,0,0,0,1,0.0,-0.2263,0.1531,0,0,0,0,0,0,0,0,0.0,0,0,0,3
1,0,0,0,0,0.0,0.0,0.0,0,0,0,0,0,0,0,0,0.0,0,0,0,1
1,0,0,1,2,0.0,-0.2263,0.3034,0,0,0,0,0,0,0,0,0.0,0,0,0,5
1,0,0,0,1,0.0,0.0,0.68,0,0,0,0,0,0,0,0,0.0,0,0,0,3
1,0,0,0,0,0.0,-0.2263,0.0772,0,0,0,0,0,0,0,0,0.0,0,0,0,2
1,0,0,0,2,0.0,0.0,0.2081,0,0,0,0,0,0,0,0,0.0,0,0,0,5
1,0,0,0,0,0.0,0.0,-0.2263,0,0,0,0,0,0,0,3,0.0,0,0,0,0
1,0,1,0,0,0.0,0.0,0.4404,0,0,0,0,0,0,0,1,0.0,0,0,0,1
1,0,0,0,6,0.0,0.0,0.5719,0,0,0,0,0,0,0,1,0.0,0,0,0,3
1,0,0,0,0,0.0,0.0,0.8934,0,0,0,0,0,0,0,0,0.0,0,0,0,1
1,0,0,0,0,0.0,-0.2263,-0.039,0,0,0,0,0,0,0,1,0.0,0,0,0,1
1,1,0,0,0,0.0,0.0,0.4404,0,0,0,0,0,0,0,0,0.0,0,0,0,2
1,0,0,0,2,0.0,0.0,0.9753,0,0,0,0,0,0,0,0,0.0,0,0,0,2
1,0,0,0,0,0.0,0.0,-0.6908,0,0,0,0,0,0,0,0,0.0,0,0,0,1
1,0,0,0,0,0.0,0.0,-0.2023,0,0,0,0,0,0,0,0,0.0,0,0,0,2
1,0,0,1,0,0.0,-0.2263,-0.836,0,0,0,0,0,0,0,0,0.0,0,0,0,0
1,1,1,0,2,0.0,-0.2263,0.25,0,0,0,0,0,0,0,0,0.0,0,0,0,6
1,0,0,0,2,0.0,-0.2263,-0.2263,0,0,0,0,0,0,0,0,0.0,0,0,0,2
1,0,0,0,0,0.0772,0.0,0.296,0,0,0,0,1,0,0,0,0.0,0,0,0,1
1,0,0,0,0,0.0,-0.2263,0.1027,0,0,0,0,0,0,0,1,0.0,0,0,0,4
1,2,0,0,0,0.0,0.0,0.9605,0,0,0,0,0,0,0,1,0.0,0,0,0,3
1,0,0,0,0,0.0,0.0,0.296,0,0,0,0,0,0,0,0,0.0,0,0,0,1
1,0,1,1,0,0.0,0.0,0.0,0,0,0,0,0,0,0,0,0.0,0,0,0,2
1,0,0,0,1,0.0,0.0,0.0,0,0,0,0,0,0,0,0,0.0,0,0,0,0
1,0,0,0,2,0.0,0.0,0.5106,0,0,0,0,0,0,0,0,0.0,0,0,0,5
1,0,0,0,3,0.4215,0.0,0.9403,0,0,0,0,1,0,0,0,0.0,0,0,0,5
1,0,0,0,0,0.0,-0.2263,-0.6908,0,0,0,0,0,0,0,0,0.0,0,0,0,0
1,0,0,0,0,0.0,-0.2263,0.2028,0,0,0,0,0,0,0,0,0.0,0,0,0,1
1,0,0,0,0,0.0,0.0,-0.4927,0,0,0,0,0,0,0,0,0.0,0,0,0,1
1,0,0,0,1,0.0,0.0,-0.6124,0,0,0,0,0,0,0,0,0.0,0,0,0,3
1,1,0,0,0,0.0,-0.2263,0.3559,0,0,0,0,0,0,0,0,0.0,0,0,0,4
1,0,0,0,1,0.0,0.0,-0.3412,0,0,0,0,0,0,0,0,0.0,0,0,0,3
1,0,0,0,2,0.0,0.0,0.891,0,0,0,0,0,0,0,0,0.0,0,0,0,1
1,0,0,0,0,0.0,0.0,0.7096,0,0,0,0,0,0,0,1,0.0,0,0,0,5
1,0,0,0,2,0.0,-0.2263,0.5994,0,0,0,0,0,0,0,0,0.0,0,0,0,3
1,0,0,0,1,0.0,0.0,0.5574,0,0,0,0,0,0,0,0,0.0,0,0,0,2
1,2,0,0,0,0.0,0.0,0.9136,0,0,0,0,0,0,0,0,0.0,0,0,0,2
1,0,0,0,0,0.0,0.0,-0.875,0,0,0,0,0,0,0,0,0.0,0,0,0,3
1,0,0,0,1,0.0,0.0,0.6369,0,0,0,0,0,0,0,0,0.0,0,0,0,2
1,0,0,1,1,0.0,0.0,0.1695,0,0,0,0,0,0,0,2,0.0,0,0,0,1
1,0,0,0,1,0.0,0.0,-0.765,0,0,0,0,0,0,0,0,0.0,0,0,0,2
1,0,0,0,2,0.7096,-0.2263,0.8345,0,0,0,0,1,0,0,0,0.0,0,0,0,4
1,0,0,0,0,0.0,-0.2263,-0.3818,0,0,0,0,0,0,0,0,0.0,0,0,0,7
1,0,1,0,0,0.0,0.0,-0.2263,0,0,0,0,0,0,0,2,0.0,0,0,0,3
1,0,0,0,0,0.0,-0.2263,0.25,0,0,0,0,0,0,0,0,0.0,0,0,0,3
1,0,0,0,0,0.0,-0.2263,-0.7438,0,0,0,0,0,0,0,0,0.0,0,0,0,1
1,1,0,0,2,0.0,0.0,0.6633,0,0,0,0,0,0,0,1,0.0,0,0,0,1
1,1,0,0,0,0.0,0.0,0.6036,0,0,0,0,0,0,0,0,0.0,0,0,0,3
1,0,0,0,1,0.0,-0.2263,-0.2263,0,0,0,0,0,0,0,0,0.0,0,0,0,3
1,0,1,0,0,0.0,-0.2263,-0.0772,0,0,0,0,0,0,0,0,0.0,0,0,0,3
1,0,0,0,2,0.0,0.0,0.4939,0,0,0,0,0,0,0,0,0.0,0,0,0,3
1,0,0,2,1,0.0,0.0,-0.1139,0,0,0,0,0,0,0,0,0.0,0,0,0,4
1,0,0,0,2,0.0,-0.2263,-0.2263,0,0,0,0,0,0,0,0,0.0,0,0,0,6
1,0,0,0,1,0.0,0.0,-0.34,0,0,0,0,0,0,0,0,0.0,0,0,0,2
1,1,0,1,0,0.0,-0.2263,-0.2263,0,0,0,0,0,0,0,0,0.0,0,0,0,1
1,0,0,0,1,0.8402,0.0,0.9217,0,0,0,0,1,0,0,1,0.0,0,0,0,1
1,0,0,0,2,0.0,0.0,0.2263,0,0,0,0,0,0,0,0,0.0,0,0,0,3
1,0,0,0,0,0.0,-0.2263,-0.5106,0,0,0,0,0,0,0,0,0.0,0,0,0,4
1,1,0,0,0,0.0,0.0,0.5106,0,0,0,0,0,0,0,0,0.0,0,0,0,1
1,0,0,0,0,0.0,-0.2263,0.4804,0,0,0,0,0,0,0,0,0.0,0,0,0,2
1,0,0,0,0,0.0,0.0,0.2263,0,0,0,0,0,0,0,1,0.0,0,0,0,2
1,0,0,1,3,0.0,-0.2263,0.7595,0,0,0,0,0,0,0,1,0.0,0,0,0,1
1,0,0,0,0,0.0,0.0,-0.1027,0,0,0,0,0,0,0,0,0.0,0,0,0,5
1,0,0,0,1,0.0,-0.2263,-0.4767,0,0,0,0,0,0,0,0,0.0,0,0,0,3
1,0,0,1,2,0.0,-0.2263,0.765,0,0,0,0,0,0,0,0,0.0,0,0,0,2
1,0,0,1,3,0.0,-0.2263,-0.6209,0,0,0,0,0,0,0,0,0.0,0,0,0,2
1,0,0,0,0,0.0,-0.2263,-0.7003,0,0,0,0,0,0,0,0,0.0,0,0,0,3
1,0,0,0,0,0.0,0.0,-0.5106,0,0,0,0,0,0,0,0,0.0,0,0,0,0
1,0,0,0,0,0.8402,-0.2263,0.7964,0,0,0,0,1,0,0,0,0.0,0,0,0,0
1,0,0,0,0,0.0,-0.2263,-0.2263,0,0,0,0,0,0,0,0,0.0,0,0,0,0
1,2,0,0,0,0.0,0.0,-0.8885,0,0,0,0,0,0,0,2,0.0,0,0,0,1
1,0,0,0,1,0.4215,0.0,0.929,0,0,0,0,1,0,0,0,0.0,0,0,0,2
1,0,0,0,0,0.0,-0.2263,-0.204,0,0,0,0,0,0,0,0,0.0,0,0,0,3
1,2,0,0,4,0.0,-0.2263,0.1068,0,0,0,0,0,0,0,0,0.0,0,0,0,3
1,0,0,1,2,0.0,-0.2263,-0.0,0,0,0,0,0,0,0,0,0.0,0,0,0,3
1,0,0,0,0,0.0,0.0,0.4019,0,0,0,0,0,0,0,0,0.0,0,0,0,3
1,0,0,0,0,-0.3182,0.0,-0.3182,0,0,0,0,1,0,0,0,0.0,0,0,0,4
1,0,0,0,0,0.0,0.0,0.0,0,0,0,0,0,0,0,1,0.0,0,0,0,2
1,1,0,0,0,0.0,0.0,0.6249,0,0,0,0,0,0,0,1,0.0,0,0,0,0
1,3,0,0,1,0.0,0.0,0.9226,0,0,0,0,0,0,0,0,0.0,0,0,0,3
1,0,0,0,0,0.0,-0.2263,-0.2263,0,0,0,0,0,0,0,0,0.0,0,0,0,1
1,0,0,0,0,0.0,-0.2263,-0.4767,0,0,0,0,0,0,0,0,0.0,0,0,0,2
1,1,0,0,0,0.0,-0.2263,-0.9531,0,0,0,0,0,0,0,0,0.0,0,0,0,1
1,0,0,0,0,0.0,-0.2263,-0.4939,0,0,0,0,0,0,0,0,0.0,0,0,0,2
1,0,0,0,0,0.0,0.0,0.4404,0,0,0,0,0,0,0,1,0.0,0,0,0,0
1,0,0,0,2,0.0,-0.2263,0.5106,0,0,0,0,0,0,0,0,0.0,0,0,0,1
1,0,0,0,3,0.0,0.0,-0.1779,0,0,0,0,0,0,0,1,0.0,0,0,0,1
1,0,0,0,0,0.0,-0.2263,0.2498,0,0,0,0,0,0,0,0,0.0,0,0,0,2
1,0,0,0,0,0.0,0.0,0.8196,0,0,0,0,0,0,0,0,0.0,0,0,0,0
1,0,0,0,0,-0.296,0.0,-0.296,0,0,0,0,1,0,0,0,0.0,0,0,0,0
1,3,0,0,11,0.0,0.0,0.9601,0,0,0,0,0,0,0,1,0.0,0,0,0,4
1,0,0,0,0,0.0,0.0,-0.1779,0,0,0,0,0,0,0,0,0.0,0,0,0,2
1,0,0,0,0,0.0,0.0,0.5719,0,0,0,0,0,0,0,0,0.0,0,0,0,6
1,0,1,0,0,0.0,-0.2263,0.4404,0,0,0,0,0,0,0,1,0.0,0,0,0,1
1,0,0,0,0,0.0,-0.2263,-0.743,0,0,0,0,0,0,0,0,0.0,0,0,0,3
1,1,0,0,1,0.0,0.0,0.0,0,0,0,0,0,0,0,0,0.0,0,0,0,1
1,0,0,0,0,0.0,0.0,0.2299,0,0,0,0,0,0,0,0,0.0,0,0,0,3
1,0,0,0,0,0.0,-0.5423,-0.25,0,0,0,0,0,0,0,1,0.0,0,0,0,4
1,0,0,0,0,0.0,0.0,0.4404,0,0,0,0,0,0,0,0,0.0,0,0,0,5
1,0,0,1,0,0.0,0.0,-0.6595,0,0,0,0,0,0,0,0,0.0,0,0,0,4
1,0,0,0,0,0.0,0.0,-0.25,0,0,0,0,0,0,0,1,0.0,0,0,0,1
1,0,0,0,3,0.0,-0.2263,0.8473,0,0,0,0,0,0,0,0,0.0,0,0,0,1
1,0,0,0,0,0.0,0.0,-0.4391,0,0,0,0,0,0,0,0,0.0,0,0,0,3
1,0,0,0,0,0.0,0.0,-0.7003,0,0,0,0,0,0,0,0,0.0,0,0,0,2
1,0,0,0,1,0.0,-0.2263,-0.8519,0,0,0,0,0,0,0,0,0.0,0,0,0,2
1,0,0,0,1,0.0,0.0,0.7065,0,0,0,0,0,0,0,0,0.0,0,0,0,1
1,0,0,0,0,0.0,0.0,0.1054,0,0,0,0,0,0,0,0,0.0,0,0,0,2
1,0,0,1,0,0.0,0.0,-0.7522,0,0,0,0,0,0,0,0,0.0,0,0,0,1
1,0,0,0,3,0.0,0.0,-0.128,0,0,0,0,0,0,0,0,0.0,0,0,0,0
1,0,0,0,2,0.0,-0.2263,-0.3927,0,0,0,0,0,0,0,0,0.0,0,0,0,3
1,0,0,0,3,0.0,-0.2263,-0.1027,0,0,0,0,0,0,0,0,0.0,0,0,0,5
1,0,0,0,0,0.0,0.0,0.8885,0,0,0,0,0,0,0,0,0.0,0,0,0,2
1,2,0,0,1,0.0,0.0,0.886,0,0,0,0,0,0,0,1,0.0,0,0,0,1
1,0,0,0,9,0.0,0.0,0.0,0,0,0,0,0,0,0,0,0.0,0,0,0,3
1,0,0,0,0,0.0,-0.2263,0.7906,0,0,0,0,0,0,0,0,0.0,0,0,0,1
1,0,1,0,2,0.0,0.0,-0.7579,0,0,0,0,0,0,0,0,0.0,0,0,0,0
1,0,0,0,1,0.0,-0.2263,0.0686,0,0,0,0,0,0,0,0,0.0,0,0,0,5
1,0,0,0,0,0.0,0.0,-0.6597,0,0,0,0,0,0,0,0,0.0,0,0,0,1
1,1,1,0,1,0.0,0.0,0.0,0,0,0,0,0,0,0,2,0.0,0,0,0,0
1,0,0,0,2,0.0,0.0,0.6652,0,0,0,0,0,0,0,0,0.0,0,0,0,3
1,1,0,0,1,0.0,0.0,0.9493,0,0,0,0,0,0,0,0,0.0,0,0,0,3
1,0,0,0,0,0.0,-0.2263,-0.5574,0,0,0,0,0,0,0,0,0.0,0,0,0,2
1,0,0,0,1,0.0,0.0,0.6192,0,0,0,0,0,0,0,0,0.0,0,0,0,2
1,0,0,0,0,0.0,-0.2263,-0.6353,0,0,0,0,0,0,0,0,0.0,0,0,0,1
1,0,0,0,25,0.0,-0.2263,0.8833,0,0,0,0,0,0,0,0,0.0,0,0,0,6
1,0,0,0,3,0.0,0.0,-0.73,0,0,0,0,0,0,0,0,0.0,0,0,0,4
1,0,5,0,2,0.0,0.0,-0.4939,0,0,0,0,0,0,0,0,0.0,0,0,0,4
1,0,0,0,3,0.0,0.0,0.0,0,0,0,0,0,0,0,3,0.0,0,0,0,2
1,0,0,1,1,0.0,0.0,-0.6486,0,0,0,0,0,0,0,0,0.0,0,0,0,1
1,0,0,0,1,0.0,0.0,0.5267,0,0,0,0,0,0,0,0,0.0,0,0,0,2
1,1,0,0,2,0.0,0.0,-0.2263,0,0,0,0,0,0,0,0,0.0,0,0,0,2
1,0,0,0,1,0.0,0.0,0.0,0,0,0,0,0,0,0,1,0.0,0,0,0,2
1,0,0,1,0,0.0,-0.2263,-0.2263,0,0,0,0,0,0,0,0,0.0,0,0,0,2
1,1,0,1,0,0.0,0.0,0.7906,0,0,0,0,0,0,0,0,0.0,0,0,0,2
1,0,0,0,0,0.0,0.0,0.7227,0,0,0,0,0,0,0,0,0.0,0,0,0,2
1,0,0,0,0,0.0,0.0,0.5859,0,0,0,0,0,0,0,0,0.0,0,0,0,3
1,0,0,0,0,0.4588,0.0,0.8102,0,0,0,0,1,0,0,0,0.0,0,0,0,1
1,0,0,0,0,0.0,0.0,-0.7579,0,0,0,0,0,0,0,0,0.0,0,0,0,1
1,0,0,0,0,0.0,0.0,-0.4404,0,0,0,0,0,0,0,0,0.0,0,0,0,0
1,0,0,0,3,-0.7351,0.0,0.7071,0,0,0,0,1,0,0,0,0.0,0,0,0,7
1,1,0,0,0,0.0,0.0,0.5994,0,0,0,0,0,0,0,0,0.0,0,0,0,4
1,0,0,0,1,0.0,0.0,-0.296,0,0,0,0,0,0,0,0,0.0,0,0,0,4
1,1,2,0,0,0.0,-0.2263,-0.5994,0,0,0,0,0,0,0,1,0.0,0,0,0,3
1,0,0,0,1,0.0,0.0,-0.4201,0,0,0,0,0,0,0,0,0.0,0,0,0,2
1,0,0,0,1,0.0,-0.2263,-0.2076,0,0,0,0,0,0,0,0,0.0,0,0,0,6
1,0,0,0,0,0.0,0.0,-0.5994,0,0,0,0,0,0,0,1,0.0,0,0,0,1
1,0,0,0,3,0.0,0.0,0.3818,0,0,0,0,0,0,0,0,0.0,0,0,0,6
1,0,0,0,1,0.0,0.0,0.4404,0,0,0,0,0,0,0,0,0.0,0,0,0,4
1,0,0,0,1,0.0,0.0,-0.4404,0,0,0,0,0,0,0,0,0.0,0,0,0,1
1,0,0,0,0,0.0,0.0,0.3612,0,0,0,0,0,0,0,2,0.0,0,0,0,2
1,0,0,0,1,0.0,-0.2263,0.4404,0,0,0,0,0,0,0,0,0.0,0,0,0,3
1,0,0,0,1,-0.25,0.0,0.194,0,0,0,0,1,0,0,0,0.0,0,0,0,1
1,1,0,0,0,0.0,0.0,-0.0516,0,0,0,0,0,0,0,1,0.0,0,0,0,1
1,1,0,0,0,0.0,-0.2263,0.34,0,0,0,0,0,0,0,0,0.0,0,0,0,1
1,0,0,0,1,0.0,0.0,0.6369,0,0,0,0,0,0,0,0,0.0,0,0,0,1
1,0,0,0,0,0.0,0.0,-0.357,0,0,0,0,0,0,0,0,0.0,0,0,0,0
1,0,0,0,1,0.0,-0.2263,0.5106,0,0,0,0,0,0,0,0,0.0,0,0,0,1
1,0,0,0,0,0.0,0.0,-0.4215,0,0,0,0,0,0,0,0,0.0,0,0,0,1
1,0,0,0,0,0.0,0.0,-0.34,0,0,0,0,0,0,0,1,0.0,0,0,0,0
1,2,0,0,0,0.0,0.0,0.7964,0,0,0,0,0,0,0,0,0.0,0,0,0,1
1,0,1,0,0,0.0,-0.2263,0.4067,0,0,0,0,0,0,0,0,0.0,0,0,0,1
1,0,0,0,1,-0.8519,0.0,-0.859,0,0,0,0,1,0,0,0,0.0,0,0,0,2
1,1,0,0,2,0.0,0.0,0.6705,0,0,0,0,0,0,0,0,0.0,0,0,0,1
1,0,0,0,0,0.0,0.0,0.1695,0,0,0,0,0,0,0,0,0.0,0,0,0,1
1,0,0,0,0,0.0,0.0,0.0,0,0,0,0,0,0,0,1,0.0,0,0,0,1
1,0,0,0,1,0.0,0.0,0.0,0,0,0,0,0,0,0,0,0.0,0,0,0,1
1,0,0,1,0,-0.4215,0.0,-0.3182,0,0,0,0,1,0,0,0,0.0,0,0,0,2
1,0,0,0,1,0.0,0.0,0.6486,0,0,0,0,0,0,0,1,0.0,0,0,0,2
1,0,0,0,2,0.0,-0.2263,-0.2263,0,0,0,0,0,0,0,0,0.0,0,0,0,1
1,0,0,0,17,0.0,0.0,0.5859,0,0,0,0,0,0,0,0,0.0,0,0,0,1
1,0,0,1,3,0.0,0.0,0.0,0,0,0,0,0,0,0,0,0.0,0,0,0,1
1,0,0,2,0,0.0,0.0,0.0,0,0,0,0,0,0,0,0,0.0,0,0,0,0
1,0,1,0,0,0.0,0.0,0.2263,0,0,0,0,0,0,0,0,0.0,0,0,0,0
1,0,0,0,1,0.0,0.0,-0.8232,0,0,0,0,0,0,0,0,0.0,0,0,0,4
1,1,0,1,8,0.0,-0.2263,0.0431,0,0,0,0,0,0,0,0,0.0,0,0,0,0
1,0,1,0,1,0.0,0.0,0.4939,0,0,0,0,0,0,0,2,0.0,0,0,0,3
1,0,0,0,6,0.0,-0.2263,-0.6027,0,0,0,0,0,0,0,0,0.0,0,0,0,4
1,1,0,0,0,0.4215,0.0,0.8689,0,0,0,0,1,0,0,0,0.0,0,0,0,4
1,0,0,0,0,0.0,0.0,0.8543,0,0,0,0,0,0,0,0,0.0,0,0,0,3
1,0,0,0,0,0.0,0.0,0.5542,0,0,0,0,0,0,0,1,0.0,0,0,0,1
1,0,0,0,2,0.0,0.0,-0.296,0,0,0,0,0,0,0,0,0.0,0,0,0,3
1,0,0,0,1,0.0,0.0,0.6652,0,0,0,0,0,0,0,1,0.0,0,0,0,2
1,0,1,0,0,0.0,0.0,0.0,0,0,0,0,0,0,0,0,0.0,0,0,0,2
1,0,0,0,0,0.0,0.0,-0.0516,0,0,0,0,0,0,0,0,0.0,0,0,0,10
1,0,1,0,1,0.0,0.0,-0.8689,0,0,0,0,0,0,0,1,0.0,0,0,0,4
1,0,0,0,1,0.0,0.0,0.5213,0,0,0,0,0,0,0,7,0.0,0,0,0,0
1,0,0,0,0,0.0,0.0,0.656,0,0,0,0,0,0,0,1,0.0,0,0,0,2
1,0,0,0,1,0.0,0.0,0.431,0,0,0,0,0,0,0,1,0.0,0,0,0,0
1,0,0,0,0,0.0,0.0,-0.8074,0,0,0,0,0,0,0,0,0.0,0,0,0,5
1,0,0,0,3,0.0,-0.2263,-0.0654,0,0,0,0,0,0,0,1,0.0,0,0,0,2
1,0,0,0,1,0.0,-0.2263,0.5106,0,0,0,0,0,0,0,0,0.0,0,0,0,2
1,0,0,0,1,0.0,0.0,0.4881,0,0,0,0,0,0,0,1,0.0,0,0,0,2
1,0,0,0,0,0.0,0.0,0.2263,0,0,0,0,0,0,0,0,0.0,0,0,0,3
1,0,0,0,1,0.0,0.0,0.8795,0,0,0,0,0,0,0,0,0.0,0,0,0,4
1,0,0,0,1,0.0,0.0,0.385,0,0,0,0,0,0,0,0,0.0,0,0,0,2
1,0,0,0,5,0.0,-0.2263,0.0085,0,0,0,0,0,0,0,2,0.0,0,0,0,5
1,0,0,0,1,0.0,-0.2263,-0.7798,0,0,0,0,0,0,0,0,0.0,0,0,0,3
1,1,0,0,0,0.6369,0.0,0.9243,0,0,0,0,1,0,0,1,0.0,0,0,0,1
1,1,0,0,1,0.0,0.0,0.7722,0,0,0,0,0,0,0,0,0.0,0,0,0,2
1,0,0,1,0,0.0,0.0,-0.7935,0,0,0,0,0,0,0,0,0.0,0,0,0,4
1,1,0,0,0,0.0,0.0,0.6705,0,0,0,0,0,0,0,1,0.0,0,0,0,1
1,0,0,0,0,0.0,-0.2263,-0.1774,0,0,0,0,0,0,0,0,0.0,0,0,0,4
1,0,0,0,0,0.0,0.0,0.0,0,0,0,0,0,0,0,0,0.0,0,0,0,2
1,0,0,0,2,0.0,0.0,0.7065,0,0,0,0,0,0,0,0,0.0,0,0,0,0
1,0,0,0,1,0.0,-0.2263,-0.2263,0,0,0,0,0,0,0,0,0.0,0,0,0,1
1,0,0,0,0,0.7184,0.0,0.8971,0,0,0,0,1,0,0,0,0.0,0,0,0,4
1,0,0,0,1,0.0,-0.2263,0.5523,0,0,0,0,0,0,0,0,0.0,0,0,0,1
1,0,1,0,0,0.0,0.0,0.7184,0,0,0,0,0,0,0,0,0.0,0,0,0,1
1,0,0,0,0,0.0,0.0,0.8591,0,0,0,0,0,0,0,0,0.0,0,0,0,3
1,1,0,0,0,0.0,0.0,0.7269,0,0,0,0,0,0,0,0,0.0,0,0,0,7
1,0,2,0,0,0.0,0.0,-0.4563,0,0,0,0,0,0,0,0,0.0,0,0,0,4
1,0,0,0,0,0.0,0.0,-0.3182,0,0,0,0,0,0,0,1,0.0,0,0,0,1
1,0,0,0,2,0.0,-0.2263,0.128,0,0,0,0,0,0,0,0,0.0,0,0,0,2
1,0,0,0,1,0.0,0.0,0.567,0,0,0,0,0,0,0,0,0.0,0,0,0,1
1,0,0,0,0,0.0,0.0,-0.4649,0,0,0,0,0,0,0,1,0.0,0,0,0,6
1,0,0,0,0,-0.2732,-0.2263,-0.6232,0,0,0,0,1,0,0,0,0.0,0,0,0,1
1,0,0,0,0,0.4588,0.0,0.908,0,0,0,0,1,0,0,1,0.0,0,0,0,3
1,0,0,0,1,0.0,0.0,0.7506,0,0,0,0,0,0,0,2,0.0,0,0,0,3
1,0,0,0,0,0.0,0.0,0.3182,0,0,0,0,0,0,0,0,0.0,0,0,0,2
1,0,0,0,3,0.0,-0.2263,-0.25,0,0,0,0,0,0,0,0,0.0,0,0,0,0
1,0,0,0,0,0.0,0.0,0.3919,0,0,0,0,0,0,0,1,0.0,0,0,0,5
1,2,0,0,1,0.0,0.0,0.8519,0,0,0,0,0,0,0,0,0.0,0,0,0,1
1,1,0,0,0,0.0,0.0,0.5563,0,0,0,0,0,0,0,3,0.0,0,0,0,0
1,1,0,0,2,0.0,0.0,0.2382,0,0,0,0,0,0,0,0,0.0,0,0,0,0
1,2,0,0,2,0.0,0.0,-0.5106,0,0,0,0,0,0,0,0,0.0,0,0,0,6
1,0,0,0,0,0.0,0.0,0.0258,0,0,0,0,0,0,0,0,0.0,0,0,0,1
1,0,0,0,0,0.0,0.0,0.0,0,0,0,0,0,0,0,0,0.0,0,0,0,0
1,0,0,0,4,0.0,0.0,-0.6486,0,0,0,0,0,0,0,0,0.0,0,0,0,6
1,1,0,0,1,0.0,0.0,0.0,0,0,0,0,0,0,0,1,0.0,0,0,0,6
1,0,0,0,0,0.0,0.0,0.9136,0,0,0,0,0,0,0,1,0.0,0,0,0,3
1,0,1,1,0,0.0,-0.2263,-0.7405,0,0,0,0,0,0,0,1,0.0,0,0,0,4
1,0,0,1,0,0.0,0.0,0.0,0,0,0,0,0,0,0,0,0.0,0,0,0,6
1,0,0,0,1,0.0,-0.2263,0.0034,0,0,0,0,0,0,0,0,0.0,0,0,0,0
1,0,1,0,1,0.0,0.0,0.0,0,0,0,0,0,0,0,0,0.0,0,0,0,1
1,1,0,0,1,0.0,0.0,0.0,0,0,0,0,0,0,0,0,0.0,0,0,0,3
1,1,1,0,0,0.0,0.0,-0.3182,0,0,0,0,0,0,0,4,0.0,0,0,0,2
1,0,0,0,3,0.0,0.0,0.0,0,0,0,0,0,0,0,0,0.0,0,0,0,1
1,0,0,0,0,0.0,0.0,0.0,0,0,0,0,0,0,0,1,0.0,0,0,0,0
1,0,0,0,0,0.0,0.0,0.7964,0,0,0,0,0,0,0,0,0.0,0,0,0,1
1,1,0,0,0,0.0,0.0,0.7795,0,0,0,0,0,0,0,1,0.0,0,0,0,1
1,0,0,1,0,0.0,-0.2263,0.2023,0,0,0,0,0,0,0,2,0.0,0,0,0,1
1,0,0,0,0,0.0,-0.2263,0.2382,0,0,0,0,0,0,0,0,0.0,0,0,0,1
1,0,0,1,1,0.0,0.0,0.0,0,0,0,0,0,0,0,0,0.0,0,0,0,1
1,1,0,0,3,0.0,0.0,0.9124,0,0,0,0,0,0,0,0,0.0,0,0,0,2
1,0,0,0,1,0.0,0.0,0.5542,0,0,0,0,0,0,0,1,0.0,0,0,0,3
1,1,0,1,1,0.0,0.0,0.4404,0,0,0,0,0,0,0,0,0.0,0,0,0,5
1,0,0,0,0,0.0,0.0,0.0,0,0,0,0,0,0,0,1,0.0,0,0,0,0
1,1,0,0,3,0.0,0.0,-0.9442,0,0,0,0,0,0,0,0,0.0,0,0,0,4
1,0,0,0,0,0.0,0.0,0.802,0,0,0,0,0,0,0,1,0.0,0,0,0,3
1,1,0,0,1,0.0,0.0,-0.0572,0,0,0,0,0,0,0,0,0.0,0,0,0,1
1,0,0,1,0,0.0,0.0,-0.3612,0,0,0,0,0,0,0,0,0.0,0,0,0,3
1,0,0,0,1,0.0,-0.2263,-0.7678,0,0,0,0,0,0,0,0,0.0,0,0,0,4
1,0,3,0,0,0.0,-0.2263,-0.8591,0,0,0,0,0,0,0,1,0.0,0,0,0,1
1,0,0,0,0,0.0,-0.2263,-0.1531,0,0,0,0,0,0,0,0,0.0,0,0,0,1
1,0,0,0,1,0.0,0.0,0.5267,0,0,0,0,0,0,0,0,0.0,0,0,0,8
1,3,0,0,0,0.0,0.0,-0.6985,0,0,0,0,0,0,0,1,0.0,0,0,0,1
1,0,0,0,0,0.0,-0.2263,0.2263,0,0,0,0,0,0,0,1,0.0,0,0,0,7
1,0,0,0,0,0.0,0.0,-0.6369,0,0,0,0,0,0,0,0,0.0,0,0,0,1
1,0,1,0,0,0.0,0.0,0.836,0,0,0,0,0,0,0,2,0.0,0,0,0,3
1,0,0,0,0,0.0,-0.2263,0.1761,0,0,0,0,0,0,0,0,0.0,0,0,0,3
1,0,0,0,0,0.0,0.0,0.9118,0,0,0,0,0,0,0,0,0.0,0,0,0,2
1,0,0,0,0,0.0,0.0,-0.5859,0,0,0,0,0,0,0,0,0.0,0,0,0,2
1,0,0,0,0,0.0,0.0,-0.3744,0,0,0,0,0,0,0,0,0.0,0,0,0,1
1,0,0,0,0,0.0,0.0,0.0,0,0,0,0,0,0,0,0,0.0,0,0,0,2
1,0,0,0,3,0.0,0.0,0.4588,0,0,0,0,0,0,0,0,0.0,0,0,0,3
1,0,0,0,0,0.0,0.0,0.0,0,0,0,0,0,0,0,0,0.0,0,0,0,2
1,0,0,0,1,0.0,0.0,-0.2755,0,0,0,0,0,0,0,0,0.0,0,0,0,1
1,0,0,0,3,0.0,-0.2263,0.7003,0,0,0,0,0,0,0,0,0.0,0,0,0,2
1,0,0,0,1,0.0,0.0,0.6369,0,0,0,0,0,0,0,1,0.0,0,0,0,4
1,0,0,0,0,0.0,-0.2263,-0.5927,0,0,0,0,0,0,0,0,0.0,0,0,0,5
1,0,0,0,0,0.0,0.0,0.0,0,0,0,0,0,0,0,0,0.0,0,0,0,0
1,0,1,0,1,0.0,-0.2263,-0.6369,0,0,0,0,0,0,0,0,0.0,0,0,0,2
1,0,0,0,0,0.0,0.0,-0.3022,0,0,0,0,0,0,0,0,0.0,0,0,0,2
1,0,3,0,0,0.0,-0.2263,0.2732,0,0,0,0,0,0,0,0,0.0,0,0,0,2
1,0,0,0,0,0.0,0.0,-0.5106,0,0,0,0,0,0,0,0,0.0,0,0,0,0
1,0,0,0,0,0.0,0.0,0.4939,0,0,0,0,0,0,0,0,0.0,0,0,0,4
1,0,0,0,0,0.0,0.0,0.8851,0,0,0,0,0,0,0,0,0.0,0,0,0,2
1,0,0,0,0,0.0,-0.2263,-0.1602,0,0,0,0,0,0,0,0,0.0,0,0,0,4
1,0,0,0,1,0.3818,-0.2263,-0.5719,0,0,0,0,1,0,0,0,0.0,0,0,0,4
1,1,0,1,1,0.4404,0.0,-0.3612,0,0,0,0,1,0,0,1,0.0,0,0,0,3
1,0,1,0,0,0.0,-0.2263,0.1027,0,0,0,0,0,0,0,0,0.0,0,0,0,0
1,0,0,0,0,0.0,0.0,0.5719,0,0,0,0,0,0,0,1,0.0,0,0,0,4
1,0,0,0,0,0.0,0.0,0.5859,0,0,0,0,0,0,0,0,0.0,0,0,0,3
1,0,0,0,3,0.0,0.0,0.481,0,0,0,0,0,0,0,0,0.0,0,0,0,2
1,0,0,0,0,0.0,0.0,0.4215,0,0,0,0,0,0,0,0,0.0,0,0,0,2
1,0,0,0,0,0.0,-0.2263,-0.2263,0,0,0,0,0,0,0,1,0.0,0,0,0,2
1,0,0,0,1,0.0,0.0,0.4404,0,0,0,0,0,0,0,0,0.0,0,0,0,3
1,0,0,0,1,0.0,0.0,-0.6808,0,0,0,0,0,0,0,0,0.0,0,0,0,5
1,0,0,0,1,0.7184,-0.2263,0.8913,0,0,0,0,1,0,0,0,0.0,0,0,0,1
1,0,1,0,0,0.0,0.0,0.4588,0,0,0,0,0,0,0,1,0.0,0,0,0,6
1,1,0,0,0,0.0,0.0,0.5719,0,0,0,0,0,0,0,1,0.0,0,0,0,3
1,0,1,0,0,0.0,0.0,0.4588,0,0,0,0,0,0,0,0,0.0,0,0,0,1
1,0,0,0,1,0.0,0.0,0.7845,0,0,0,0,0,0,0,1,0.0,0,0,0,1
1,0,1,0,1,0.0,-0.2263,0.0,0,0,0,0,0,0,0,1,0.0,0,0,0,3
1,1,0,1,1,0.0,0.0,-0.2263,0,0,0,0,0,0,0,2,0.0,0,0,0,2
1,0,0,2,0,0.0,0.0,-0.5606,0,0,0,0,0,0,0,0,0.0,0,0,0,1
1,1,0,0,0,0.0,0.0,0.4173,0,0,0,0,0,0,0,2,0.0,0,0,0,1
1,0,0,0,1,0.0,0.0,0.0,0,0,0,0,0,0,0,0,0.0,0,0,0,3
1,0,0,0,0,0.0,0.0,0.6329,0,0,0,0,0,0,0,5,0.0,0,0,0,2
1,0,0,0,2,0.0,0.0,0.7412,0,0,0,0,0,0,0,0,0.0,0,0,0,1
1,0,0,0,0,0.0,0.0,-0.6222,0,0,0,0,0,0,0,0,0.0,0,0,0,0
1,0,0,0,2,0.0,-0.2263,0.5223,0,0,0,0,0,0,0,0,0.0,0,0,0,2
1,0,0,0,0,0.0,-0.2263,0.6704,0,0,0,0,0,0,0,0,0.0,0,0,0,2
1,0,0,0,1,-0.2732,0.0,-0.2732,0,0,0,0,1,0,0,0,0.0,0,0,0,3
1,0,0,0,1,0.0,0.0,0.6739,0,0,0,0,0,0,0,1,0.0,0,0,0,3
1,0,0,0,2,0.0,-0.2263,0.3477,0,0,0,0,0,0,0,0,0.0,0,0,0,3
1,0,0,0,1,0.0,0.0,0.0,0,0,0,0,0,0,0,0,0.0,0,0,0,3
1,0,0,0,3,0.0,0.0,0.1027,0,0,0,0,0,0,0,0,0.0,0,0,0,3
1,0,0,0,3,0.0,0.0,-0.8979,0,0,0,0,0,0,0,0,0.0,0,0,0,2
1,0,1,1,1,0.0,0.0,-0.3361,0,0,0,0,0,0,0,0,0.0,0,0,0,3
1,0,0,0,2,0.0,-0.2263,-0.5647,0,0,0,0,0,0,0,0,0.0,0,0,0,2
1,0,1,0,1,0.0,0.0,0.8208,0,0,0,0,0,0,0,1,0.0,0,0,0,2
1,1,0,0,0,0.0,0.0,0.5719,0,0,0,0,0,0,0,1,0.0,0,0,0,1
1,0,0,0,0,0.0,0.0,0.3326,0,0,0,0,0,0,0,1,0.0,0,0,0,2
1,0,0,0,0,0.0,-0.2263,-0.2263,0,0,0,0,0,0,0,0,0.0,0,0,0,2
1,0,0,0,0,0.9638,0.0,0.9773,0,0,0,0,1,0,0,0,0.0,0,0,0,1
1,0,0,0,0,0.7184,0.0,0.9274,0,0,0,0,1,0,0,1,0.0,0,0,0,3
1,0,1,0,1,0.0,0.0,0.0,0,0,0,0,0,0,0,0,0.0,0,0,0,4
1,0,0,0,0,0.0772,0.0,0.0772,0,0,0,0,1,0,0,0,0.0,0,0,0,0
1,0,0,0,0,0.0,-0.2263,0.5106,0,0,0,0,0,0,0,0,0.0,0,0,0,5
1,0,0,0,0,0.0,0.0,0.802,0,0,0,0,0,0,0,0,0.0,0,0,0,3
1,0,0,0,0,0.0,-0.2263,-0.34,0,0,0,0,0,0,0,0,0.0,0,0,0,3
1,0,0,0,0,0.0,0.0,0.872,0,0,0,0,0,0,0,4,0.0,0,0,0,1
1,0,0,0,1,0.0,0.0,0.0,0,0,0,0,0,0,0,1,0.0,0,0,0,1
1,0,0,0,0,0.0,0.0,-0.2263,0,0,0,0,0,0,0,0,0.0,0,0,0,2
1,1,0,0,2,0.0,-0.2263,-0.2878,0,0,0,0,0,0,0,0,0.0,0,0,0,1
1,1,0,0,1,0.0,0.0,0.5719,0,0,0,0,0,0,0,1,0.0,0,0,0,3
1,0,0,0,0,0.0,-0.2263,0.4215,0,0,0,0,0,0,0,0,0.0,0,0,0,2
1,0,0,0,1,0.0,-0.2263,0.5106,0,0,0,0,0,0,0,1,0.0,0,0,0,4
1,0,0,0,2,0.0,-0.2263,-0.2263,0,0,0,0,0,0,0,0,0.0,0,0,0,2
1,0,0,0,0,0.0,-0.2263,-0.4767,0,0,0,0,0,0,0,0,0.0,0,0,0,3
1,2,0,0,0,0.0,0.0,0.872,0,0,0,0,0,0,0,1,0.0,0,0,0,7
1,0,0,0,0,0.0,-0.2263,-0.5725,0,0,0,0,0,0,0,0,0.0,0,0,0,0
1,0,0,0,0,-0.9744,-0.2263,-0.9666,0,0,0,0,1,0,0,4,0.0,0,0,0,0
1,0,0,0,1,0.0,0.0,0.0,0,0,0,0,0,0,0,0,0.0,0,0,0,1
1,0,0,0,1,0.0,-0.2263,-0.659,0,0,0,0,0,0,0,0,0.0,0,0,0,1
1,0,1,1,1,0.0,-0.2263,-0.2732,0,0,0,0,0,0,0,0,0.0,0,0,0,4
1,0,0,0,0,0.0,0.0,0.0,0,0,0,0,0,0,0,1,0.0,0,0,0,1
1,0,0,0,0,0.7184,-0.2263,0.9186,0,0,0,0,1,0,0,1,0.0,0,0,0,3
1,2,0,0,2,0.0,0.0,0.5267,0,0,0,0,0,0,0,1,0.0,0,0,0,4
1,1,0,0,0,0.0,0.0,0.296,0,0,0,0,0,0,0,0,0.0,0,0,0,2
1,0,0,0,0,0.0,-0.2263,-0.5859,0,0,0,0,0,0,0,0,0.0,0,0,0,4
1,0,1,1,1,0.0,0.0,-0.4973,0,0,0,0,0,0,0,0,0.0,0,0,0,4
1,0,0,0,0,0.0,0.0,-0.8596,0,0,0,0,0,0,0,0,0.0,0,0,0,4
1,0,0,0,0,0.0,0.0,-0.2263,0,0,0,0,0,0,0,0,0.0,0,0,0,1
1,0,0,0,0,0.0,0.0,0.0,0,0,0,0,0,0,0,0,0.0,0,0,0,3
1,1,0,0,1,0.0,-0.2263,0.8225,0,0,0,0,0,0,0,1,0.0,0,0,0,3
1,1,0,0,0,0.0,0.0,0.8658,0,0,0,0,0,0,0,1,0.0,0,0,0,3
1,0,0,0,1,0.0,0.0,0.3089,0,0,0,0,0,0,0,0,0.0,0,0,0,2
1,0,0,0,1,0.0,0.0,0.7096,0,0,0,0,0,0,0,2,0.0,0,0,0,0
1,0,0,0,0,0.0,0.0,0.0,0,0,0,0,0,0,0,0,0.0,0,0,0,2
1,0,0,0,0,0.0,0.0,0.9493,0,0,0,0,0,0,0,0,0.0,0,0,0,1
1,2,0,0,1,0.0,0.0,0.8831,0,0,0,0,0,0,0,2,0.0,0,0,0,2
1,1,0,0,2,0.0,0.0,0.6249,0,0,0,0,0,0,0,2,0.0,0,0,0,0
1,0,1,0,1,0.0,0.0,-0.7965,0,0,0,0,0,0,0,0,0.0,0,0,0,3
1,0,0,0,0,0.0,0.0,0.8429,0,0,0,0,0,0,0,0,0.0,0,0,0,0
1,0,0,0,0,0.0,0.0,0.9607,0,0,0,0,0,0,0,1,0.0,0,0,0,1
1,0,0,0,0,0.0,-0.2263,-0.6249,0,0,0,0,0,0,0,0,0.0,0,0,0,1
1,0,0,0,0,0.0,0.0,-0.0762,0,0,0,0,0,0,0,0,0.0,0,0,0,2
1,1,0,0,0,0.4588,0.0,0.3674,0,0,0,0,1,0,0,0,0.0,0,0,0,1
1,0,0,0,0,0.0,-0.2263,0.2732,0,0,0,0,0,0,0,0,0.0,0,0,0,4
1,0,0,0,0,0.0,0.0,0.296,0,0,0,0,0,0,0,1,0.0,0,0,0,1
1,0,0,0,0,0.0,0.0,0.5423,0,0,0,0,0,0,0,1,0.0,0,0,0,2
1,2,0,0,2,0.0,-0.2263,0.6908,0,0,0,0,0,0,0,1,0.0,0,0,0,4
1,2,0,0,1,0.0,-0.2263,0.3612,0,0,0,0,0,0,0,0,0.0,0,0,0,3
1,0,0,0,0,0.0,0.0,-0.2484,0,0,0,0,0,0,0,0,0.0,0,0,0,5
1,1,0,0,1,0.0,-0.2263,0.7501,0,0,0,0,0,0,0,0,0.0,0,0,0,3
1,0,0,0,4,0.0,0.0,0.0857,0,0,0,0,0,0,0,0,0.0,0,0,0,1
1,0,0,0,0,0.0,0.0,-0.7159,0,0,0,0,0,0,0,0,0.0,0,0,0,3
1,0,0,0,2,0.0,0.0,0.0,0,0,0,0,0,0,0,0,0.0,0,0,0,1
1,0,0,0,0,0.4404,0.0,0.936,0,0,0,0,1,0,0,2,0.0,0,0,0,1
1,0,0,0,1,0.0,-0.2263,-0.2263,0,0,0,0,0,0,0,0,0.0,0,0,0,1
1,0,0,0,1,0.0,0.0,0.4526,0,0,0,0,0,0,0,0,0.0,0,0,0,2
1,1,0,0,2,0.0,0.0,0.9694,0,0,0,0,0,0,0,1,0.0,0,0,0,1
1,0,0,0,0,0.0,-0.2263,0.7992,0,0,0,0,0,0,0,0,0.0,0,0,0,2
1,0,0,0,0,0.7003,0.0,0.2023,0,0,0,0,1,0,0,0,0.0,0,0,0,0
1,0,0,0,0,0.0,0.0,0.5994,0,0,0,0,0,0,0,1,0.0,0,0,0,2
1,1,0,0,0,0.9771,0.0,0.9834,0,0,0,0,1,0,0,1,0.0,0,0,0,0
1,0,0,0,0,0.4588,0.0,0.1027,0,0,0,0,1,0,0,1,0.0,0,0,0,0
1,0,0,0,0,0.0,0.0,-0.25,0,0,0,0,0,0,0,3,0.0,0,0,0,1
1,1,0,0,1,0.0,0.0,0.0772,0,0,0,0,0,0,0,1,0.0,0,0,0,1
1,0,0,0,0,0.0,0.0,-0.3818,0,0,0,0,0,0,0,1,0.0,0,0,0,2
1,0,0,0,1,0.0,0.0,0.7318,0,0,0,0,0,0,0,0,0.0,0,0,0,2
1,2,2,2,1,0.0,-0.2263,0.4939,0,0,0,0,0,0,0,1,0.0,0,0,0,4
1,0,0,0,1,0.0,0.0,-0.4404,0,0,0,0,0,0,0,1,0.0,0,0,0,5
1,0,2,0,1,0.0,0.0,-0.296,0,0,0,0,0,0,0,1,0.0,0,0,0,4
1,0,0,0,1,0.0,0.0,0.8402,0,0,0,0,0,0,0,1,0.0,0,0,0,3
1,0,0,0,0,0.0,0.0,0.4588,0,0,0,0,0,0,0,0,0.0,0,0,0,0
1,0,0,0,1,0.0,-0.2263,-0.2263,0,0,0,0,0,0,0,0,0.0,0,0,0,3
1,0,0,0,1,0.0,0.0,0.0,0,0,0,0,0,0,0,0,0.0,0,0,0,5
1,1,0,0,0,0.0,0.0,0.0,0,0,0,0,0,0,0,1,0.0,0,0,0,3
1,0,1,0,1,0.0,0.0,0.0,0,0,0,0,0,0,0,0,0.0,0,0,0,1
1,0,0,0,1,0.0,0.0,0.6077,0,0,0,0,0,0,0,0,0.0,0,0,0,0
1,0,0,0,0,0.0,0.0,0.3919,0,0,0,0,0,0,0,1,0.0,0,0,0,0
1,0,0,0,0,0.0,0.0,-0.296,0,0,0,0,0,0,0,4,0.0,0,0,0,2
1,1,0,0,0,0.0,0.0,0.5719,0,0,0,0,0,0,0,0,0.0,0,0,0,0
1,0,0,0,2,0.0,0.0,0.4588,0,0,0,0,0,0,0,0,0.0,0,0,0,0
1,0,0,0,4,0.0,0.0,0.8979,0,0,0,0,0,0,0,1,0.0,0,0,0,2
1,1,0,0,2,0.0,-0.2263,0.1027,0,0,0,0,0,0,0,0,0.0,0,0,0,3
1,0,0,0,0,0.0,-0.2263,0.8538,0,0,0,0,0,0,0,1,0.0,0,0,0,1
1,1,0,0,0,0.0,0.0,0.8311,0,0,0,0,0,0,0,0,0.0,0,0,0,3
1,0,0,0,0,0.0,-0.2263,0.9819,0,0,0,0,0,0,0,0,0.0,0,0,0,6
1,3,0,0,0,0.0,0.0,0.8479,0,0,0,0,0,0,0,1,0.0,0,0,0,3
1,1,0,0,0,0.0,0.0,0.0,0,0,0,0,0,0,0,1,0.0,0,0,0,2
1,0,0,0,1,0.0,0.0,0.0,0,0,0,0,0,0,0,0,0.0,0,0,0,1
1,0,0,0,2,0.0,-0.2263,-0.2263,0,0,0,0,0,0,0,0,0.0,0,0,0,2
1,0,0,0,1,0.0,0.0,0.4215,0,0,0,0,0,0,0,0,0.0,0,0,0,0
1,1,0,0,2,0.0,-0.2263,-0.1779,0,0,0,0,0,0,0,1,0.0,0,0,0,2
1,0,0,0,0,0.0,0.0,0.3818,0,0,0,0,0,0,0,0,0.0,0,0,0,2
1,1,0,0,1,0.0,0.0,-0.1531,0,0,0,0,0,0,0,1,0.0,0,0,0,3
1,0,0,0,0,0.0,0.0,0.0,0,0,0,0,0,0,0,0,0.0,0,0,0,1
1,0,0,0,0,0.0,0.0,0.6697,0,0,0,0,0,0,0,0,0.0,0,0,0,5
1,0,0,0,0,0.0,-0.2263,-0.2263,0,0,0,0,0,0,0,0,0.0,0,0,0,4
1,0,0,0,1,0.0,0.0,0.836,0,0,0,0,0,0,0,0,0.0,0,0,0,5
1,0,0,0,0,0.0,0.0,0.2023,0,0,0,0,0,0,0,0,0.0,0,0,0,1
1,2,0,0,1,0.0,-0.2263,-0.5634,0,0,0,0,0,0,0,1,0.0,0,0,0,2
1,0,0,0,1,0.0,0.0,-0.6249,0,0,0,0,0,0,0,1,0.0,0,0,0,3
1,0,0,0,0,0.0,-0.2263,0.2617,0,0,0,0,0,0,0,0,0.0,0,0,0,3
1,0,0,0,0,0.0,0.0,-0.2489,0,0,0,0,0,0,0,0,0.0,0,0,0,5
1,0,0,0,1,0.0,0.0,0.4881,0,0,0,0,0,0,0,0,0.0,0,0,0,5
1,0,0,0,0,0.0,0.0,0.6542,0,0,0,0,0,0,0,0,0.0,0,0,0,1
1,0,0,0,2,0.8402,0.0,0.9217,0,0,0,0,1,0,0,1,0.0,0,0,0,1
1,1,0,0,1,0.0,0.0,0.8776,0,0,0,0,0,0,0,2,0.0,0,0,0,4
1,0,1,0,0,0.4588,0.0,0.7506,0,0,0,0,1,0,0,1,0.0,0,0,0,3
1,0,0,0,2,0.0,0.0,-0.1779,0,0,0,0,0,0,0,0,0.0,0,0,0,2
1,0,0,0,0,0.6369,-0.2263,0.7003,0,0,0,0,1,0,0,0,0.0,0,0,0,3
1,0,0,0,1,0.0,0.0,0.0,0,0,0,0,0,0,0,0,0.0,0,0,0,3
1,0,0,0,1,0.0,0.0,0.3612,0,0,0,0,0,0,0,0,0.0,0,0,0,5
1,0,1,0,0,0.0,0.0,0.0516,0,0,0,0,0,0,0,1,0.0,0,0,0,1
1,0,0,0,0,0.0,0.0,0.2263,0,0,0,0,0,0,0,2,0.0,0,0,0,1
1,0,0,0,0,0.0,0.0,-0.8658,0,0,0,0,0,0,0,0,0.0,0,0,0,4
1,0,0,0,0,0.4588,0.0,0.7351,0,0,0,0,1,0,0,0,0.0,0,0,0,1
1,0,0,0,2,-0.2732,0.0,-0.3919,0,0,0,0,1,0,0,0,0.0,0,0,0,3
1,0,0,0,1,0.0,0.0,0.0,0,0,0,0,0,0,0,0,0.0,0,0,0,2
1,0,0,0,1,0.0,0.0,0.0,0,0,0,0,0,0,0,0,0.0,0,0,0,1
1,0,0,0,0,0.0,0.0,0.8126,0,0,0,0,0,0,0,0,0.0,0,0,0,6
1,0,0,0,1,0.0,-0.2263,-0.4588,0,0,0,0,0,0,0,0,0.0,0,0,0,2
1,0,0,0,0,0.0,0.0,0.0,0,0,0,0,0,0,0,1,0.0,0,0,0,0
1,0,0,0,3,0.0,-0.2263,0.7003,0,0,0,0,0,0,0,2,0.0,0,0,0,4
1,0,0,0,1,0.0,0.0,0.0,0,0,0,0,0,0,0,0,0.0,0,0,0,0
1,0,0,0,1,0.0,0.0,0.0,0,0,0,0,0,0,0,0,0.0,0,0,0,2
1,0,0,0,0,0.7003,0.0,0.8608,0,0,0,0,1,0,0,0,0.0,0,0,0,4
1,0,0,0,0,0.0,0.0,-0.5719,0,0,0,0,0,0,0,0,0.0,0,0,0,0
1,0,0,0,1,-0.7351,-0.2263,-0.8622,0,0,0,0,1,0,0,0,0.0,0,0,0,2
1,0,0,0,0,0.4404,0.0,0.0772,0,0,0,0,1,0,0,0,0.0,0,0,0,1
1,0,0,0,0,0.0,0.0,0.0,0,0,0,0,0,0,0,0,0.0,0,0,0,3
1,0,1,0,1,0.0,0.0,0.0,0,0,0,0,0,0,0,0,0.0,0,0,0,1
1,0,0,0,1,0.0,0.0,0.5106,0,0,0,0,0,0,0,0,0.0,0,0,0,1
1,1,2,0,6,0.0,0.0,-0.2732,0,0,0,0,0,0,0,0,0.0,0,0,0,5
1,0,0,0,0,0.0,0.0,-0.1773,0,0,0,0,0,0,0,0,0.0,0,0,0,3
1,0,0,0,0,0.0,0.0,0.2023,0,0,0,0,0,0,0,3,0.0,0,0,0,0
1,0,0,0,0,0.0,0.0,0.0,0,0,0,0,0,0,0,0,0.0,0,0,0,2
1,1,0,0,1,0.0,0.0,0.1139,0,0,0,0,0,0,0,0,0.0,0,0,0,4
1,0,0,0,0,0.0,0.0,0.0,0,0,0,0,0,0,0,0,0.0,0,0,0,2
1,0,0,0,1,0.0,0.0,-0.1531,0,0,0,0,0,0,0,0,0.0,0,0,0,3
1,0,0,0,0,0.0,-0.2263,0.2263,0,0,0,0,0,0,0,0,0.0,0,0,0,2
1,0,0,0,0,0.0,-0.2263,-0.4728,0,0,0,0,0,0,0,0,0.0,0,0,0,5
1,0,0,0,0,0.0,0.0,-0.4468,0,0,0,0,0,0,0,0,0.0,0,0,0,3
1,0,0,0,0,0.0,-0.2263,0.5106,0,0,0,0,0,0,0,0,0.0,0,0,0,0
1,0,0,1,0,0.0,0.0,0.6249,0,0,0,0,0,0,0,0,0.0,0,0,0,1
1,0,0,0,1,0.0,0.0,0.5859,0,0,0,0,0,0,0,0,0.0,0,0,0,1
1,0,0,0,0,0.0,0.0,0.9366,0,0,0,0,0,0,0,2,0.0,0,0,0,3
1,0,0,0,0,0.0,0.0,0.0,0,0,0,0,0,0,0,0,0.0,0,0,0,1
1,0,0,0,0,0.0,0.0,0.8555,0,0,0,0,0,0,0,1,0.0,0,0,0,1
1,0,0,0,0,0.0,-0.2263,-0.0346,0,0,0,0,0,0,0,0,0.0,0,0,0,3
1,0,0,0,0,0.0,-0.2263,-0.1621,0,0,0,0,0,0,0,0,0.0,0,0,0,5
1,0,0,0,0,0.0,0.0,-0.2263,0,0,0,0,0,0,0,0,0.0,0,0,0,1
1,0,0,0,1,0.0,0.0,-0.3182,0,0,0,0,0,0,0,1,0.0,0,0,0,4
1,0,0,0,2,0.0,-0.2263,-0.144,0,0,0,0,0,0,0,0,0.0,0,0,0,4
1,0,0,0,1,0.0,-0.2263,0.4357,0,0,0,0,0,0,0,0,0.0,0,0,0,0
1,2,0,0,0,0.0,0.0,0.8481,0,0,0,0,0,0,0,1,0.0,0,0,0,0
1,0,0,0,0,0.0,0.0,0.659,0,0,0,0,0,0,0,0,0.0,0,0,0,3
1,0,0,1,0,0.0,0.0,0.4939,0,0,0,0,0,0,0,0,0.0,0,0,0,2
1,0,0,0,1,0.0,0.0,0.0,0,0,0,0,0,0,0,0,0.0,0,0,0,1
1,2,0,1,5,0.0,0.0,-0.722,0,0,0,0,0,0,0,2,0.0,0,0,0,1
1,0,0,0,0,0.0,0.0,0.4767,0,0,0,0,0,0,0,1,0.0,0,0,0,6
1,0,0,0,1,0.0,-0.2263,-0.0516,0,0,0,0,0,0,0,0,0.0,0,0,0,2
1,0,1,0,0,0.0,0.0,0.0,0,0,0,0,0,0,0,2,0.0,0,0,0,1
1,2,0,0,0,0.4404,-0.2263,0.9055,0,0,0,0,1,0,0,1,0.0,0,0,0,3
1,1,0,0,0,0.0,0.0,-0.765,0,0,0,0,0,0,0,0,0.0,0,0,0,3
1,0,0,0,0,0.0,-0.2263,-0.8316,0,0,0,0,0,0,0,0,0.0,0,0,0,2
1,2,0,0,0,0.4588,0.0,0.8271,0,0,0,0,1,0,0,3,0.0,0,0,0,3
1,0,0,0,3,0.0,0.0,0.656,0,0,0,0,0,0,0,0,0.0,0,0,0,2
1,0,0,0,0,0.0,0.0,0.6511,0,0,0,0,0,0,0,0,0.0,0,0,0,1
1,0,0,0,3,0.0,-0.2263,-0.0258,0,0,0,0,0,0,0,0,0.0,0,0,0,2
1,1,0,0,1,0.4215,0.0,0.9117,0,0,0,0,1,0,0,1,0.0,0,0,0,3
1,2,0,0,0,0.7906,0.0,0.9584,0,0,0,0,1,0,0,2,0.0,0,0,0,2
1,0,0,1,0,0.0,0.0,0.6369,0,0,0,0,0,0,0,0,0.0,0,0,0,1
1,0,0,0,1,0.0,0.0,0.4588,0,0,0,0,0,0,0,1,0.0,0,0,0,5
1,2,0,0,0,0.0,0.0,0.8074,0,0,0,0,0,0,0,1,0.0,0,0,0,2
1,1,0,0,0,0.0,0.0,0.5859,0,0,0,0,0,0,0,0,0.0,0,0,0,2
1,0,0,0,2,0.0,-0.2263,-0.3291,0,0,0,0,0,0,0,0,0.0,0,0,0,2
1,0,0,0,0,0.0,0.0,-0.5423,0,0,0,0,0,0,0,0,0.0,0,0,0,3
1,3,3,0,0,0.0,0.0,-0.9112,0,0,0,0,0,0,0,0,0.0,0,0,0,4
1,0,0,0,0,0.0,0.0,-0.5574,0,0,0,0,0,0,0,0,0.0,0,0,0,2
1,0,0,0,0,0.0,0.0,-0.6985,0,0,0,0,0,0,0,0,0.0,0,0,0,6
1,0,0,0,0,0.0,0.0,-0.9136,0,0,0,0,0,0,0,2,0.0,0,0,0,2
1,0,0,0,0,0.0,0.0,0.0516,0,0,0,0,0,0,0,0,0.0,0,0,0,0
1,0,0,2,0,0.0,0.0,0.0,0,0,0,0,0,0,0,0,0.0,0,0,0,2
1,0,0,0,0,0.0,0.0,0.296,0,0,0,0,0,0,0,0,0.0,0,0,0,3
1,0,1,0,3,0.0,0.0,0.7938,0,0,0,0,0,0,0,0,0.0,0,0,0,1
1,0,0,1,1,0.0,0.0,0.4404,0,0,0,0,0,0,0,0,0.0,0,0,0,3
1,0,0,0,0,0.0,0.0,0.2334,0,0,0,0,0,0,0,0,0.0,0,0,0,3
1,0,0,0,1,0.0,0.0,-0.3182,0,0,0,0,0,0,0,0,0.0,0,0,0,3
1,0,0,0,1,0.0,0.0,-0.033,0,0,0,0,0,0,0,0,0.0,0,0,0,0
1,2,0,0,0,0.0,0.0,-0.4215,0,0,0,0,0,0,0,0,0.0,0,0,0,1
1,1,0,0,0,0.0,0.0,0.0,0,0,0,0,0,0,0,0,0.0,0,0,0,0
1,2,0,0,3,0.0,0.0,-0.5574,0,0,0,0,0,0,0,0,0.0,0,0,0,3
1,2,0,0,0,0.0,0.0,0.7506,0,0,0,0,0,0,0,0,0.0,0,0,0,2
1,0,0,0,5,0.0,0.0,-0.6202,0,0,0,0,0,0,0,0,0.0,0,0,0,2
1,0,0,0,0,0.0,0.0,0.8402,0,0,0,0,0,0,0,0,0.0,0,0,0,1
1,1,0,0,2,0.0,-0.2263,0.7065,0,0,0,0,0,0,0,0,0.0,0,0,0,5
1,0,0,0,0,0.0,0.0,0.1695,0,0,0,0,0,0,0,1,0.0,0,0,0,1
1,0,1,0,0,0.0,-0.2263,-0.6908,0,0,0,0,0,0,0,0,0.0,0,0,0,4
1,0,0,0,0,0.0,0.0,0.4404,0,0,0,0,0,0,0,1,0.0,0,0,0,0
1,1,0,0,0,0.0,0.0,0.3907,0,0,0,0,0,0,0,0,0.0,0,0,0,2
1,0,0,0,0,0.0,0.0,0.0,0,0,0,0,0,0,0,0,0.0,0,0,0,3
1,2,0,0,0,0.0,-0.2263,0.4855,0,0,0,0,0,0,0,0,0.0,0,0,0,5
1,0,0,0,0,0.0,0.0,0.0,0,0,0,0,0,0,0,0,0.0,0,0,0,3
1,0,0,0,0,0.0,0.0,0.4215,0,0,0,0,0,0,0,0,0.0,0,0,0,2
1,0,0,0,0,0.0,0.0,0.5719,0,0,0,0,0,0,0,1,0.0,0,0,0,5
1,0,0,0,0,0.0,0.0,-0.5574,0,0,0,0,0,0,0,0,0.0,0,0,0,2
1,0,0,0,5,0.0,0.0,0.7963,0,0,0,0,0,0,0,0,0.0,0,0,0,0
1,0,0,0,0,0.0,-0.2263,-0.4215,0,0,0,0,0,0,0,0,0.0,0,0,0,1
1,0,0,0,1,0.0,-0.2263,-0.7506,0,0,0,0,0,0,0,0,0.0,0,0,0,5
1,0,0,0,1,0.0,0.0,0.5958,0,0,0,0,0,0,0,5,0.0,0,0,0,1
1,0,0,0,0,0.0,0.0,-0.7906,0,0,0,0,0,0,0,0,0.0,0,0,0,2
1,0,0,0,0,0.0,0.0,0.8481,0,0,0,0,0,0,0,1,0.0,0,0,0,3
1,0,0,3,0,0.0,0.0,0.8225,0,0,0,0,0,0,0,0,0.0,0,0,0,4
1,0,0,0,0,0.0,0.0,0.7906,0,0,0,0,0,0,0,0,0.0,0,0,0,3
1,0,0,0,2,0.743,0.0,0.5812,0,0,0,0,1,0,0,0,0.0,0,0,0,0
1,0,1,0,0,0.0,0.0,0.5994,0,0,0,0,0,0,0,1,0.0,0,0,0,0
1,0,0,0,1,0.0,0.0,-0.3182,0,0,0,0,0,0,0,2,0.0,0,0,0,0
1,0,3,0,3,0.0,-0.2263,-0.2263,0,0,0,0,0,0,0,0,0.0,0,0,0,0
1,0,0,0,2,0.0,0.0,-0.1685,0,0,0,0,0,0,0,0,0.0,0,0,0,2
1,2,0,0,0,0.0,0.0,0.7264,0,0,0,0,0,0,0,0,0.0,0,0,0,3
1,0,0,0,2,0.0,-0.2263,0.25,0,0,0,0,0,0,0,0,0.0,0,0,0,5
1,0,0,0,0,0.0,-0.2263,0.2732,0,0,0,0,0,0,0,0,0.0,0,0,0,1
1,0,0,0,1,0.0,0.0,0.5023,0,0,0,0,0,0,0,0,0.0,0,0,0,4
1,0,0,0,0,0.0,0.0,0.4149,0,0,0,0,0,0,0,0,0.0,0,0,0,1
1,0,0,0,0,0.0772,0.0,-0.4215,0,0,0,0,1,0,0,0,0.0,0,0,0,1
1,0,0,0,2,0.0,-0.2263,-0.3948,0,0,0,0,0,0,0,0,0.0,0,0,0,6
1,0,1,1,0,0.0,0.0,0.886,0,0,0,0,0,0,0,1,0.0,0,0,0,4
0,0,0,0,0,0.0,0.0,0.8104,0,0,0,0,0,0,0,1,0.0,0,0,0,4
0,0,0,0,0,0.0,0.0,0.2263,0,0,0,0,0,0,0,1,0.0,0,0,0,0
0,0,0,0,1,0.0,0.0,0.4019,0,0,0,0,0,0,0,0,0.0,0,0,0,5
0,0,0,0,1,0.0,0.0,-0.7184,0,0,0,0,0,0,0,1,0.0,0,0,0,1
0,1,0,0,1,0.0,0.0,0.9118,0,0,0,0,0,0,0,1,0.0,0,0,0,1
0,0,0,0,0,0.0,0.0,0.3599,0,0,0,0,0,0,0,0,0.0,0,0,0,2
0,0,0,0,3,0.0,0.0,-0.296,0,0,0,0,0,0,0,1,0.0,0,0,0,1
0,0,0,0,0,0.0,0.0,0.4404,0,0,0,0,0,0,0,1,0.0,0,0,0,4
0,0,0,0,0,0.0,0.0,0.2732,0,0,0,0,0,0,0,1,0.0,0,0,0,2
0,0,0,0,0,0.0,0.0,-0.6369,0,0,0,0,0,0,0,1,0.0,0,0,0,2
0,0,0,0,1,0.0,0.0,0.6808,0,0,0,0,0,0,0,2,0.0,0,0,0,0
0,1,0,0,0,0.0,0.0,0.6461,0,0,0,0,0,0,0,1,0.0,0,0,0,3
0,0,0,0,0,0.0,0.0,0.2732,0,0,0,0,0,0,0,0,0.0,0,0,0,2
0,0,0,0,0,0.0,0.0,0.0,0,0,0,0,0,0,0,1,0.0,0,0,0,4
0,0,0,0,0,0.0,0.0,0.7184,0,0,0,0,0,0,0,1,0.0,0,0,0,2
0,0,0,0,0,0.0,0.0,0.0258,0,0,0,0,0,0,0,1,0.0,0,0,0,7
0,0,0,0,0,0.0,0.0,-0.7845,0,0,0,0,0,0,0,0,0.0,0,0,0,3
0,0,0,0,2,0.0,0.0,0.3182,0,0,0,0,0,0,0,0,0.0,0,0,0,2
0,0,0,0,0,0.0,0.0,-0.4215,0,0,0,0,0,0,0,0,0.0,0,0,0,2
0,0,0,0,0,0.0,0.0,0.2732,0,0,0,0,0,0,0,1,0.0,0,0,0,2
0,0,1,0,6,0.0,0.0,-0.296,0,0,0,0,0,0,0,1,0.0,0,0,0,3
0,0,0,0,1,0.0,0.0,0.4404,0,0,0,0,0,0,0,2,0.0,0,0,0,5
0,0,0,0,1,0.0,0.0,0.0,0,0,0,0,0,0,0,4,0.0,0,0,0,2
0,0,0,0,0,0.0,0.0,0.0,0,0,0,0,0,0,0,2,0.0,0,0,0,2
0,0,0,0,0,0.0,0.0,0.0,0,0,0,0,0,0,0,3,0.0,0,0,0,6
0,0,0,0,0,0.0,0.0,0.7506,0,0,0,0,0,0,0,0,0.0,0,0,0,1
0,0,0,0,0,0.0,0.0,0.0,0,0,0,0,0,0,0,0,0.0,0,0,0,2
0,0,0,0,0,0.0,0.0,0.6705,0,0,0,0,0,0,0,1,0.0,0,0,0,1
0,0,0,0,0,0.0,0.0,0.4576,0,0,0,0,0,0,0,0,0.0,0,0,0,1
0,0,0,0,0,0.0,0.0,-0.0258,0,0,0,0,0,0,0,1,0.0,0,0,0,4
0,0,0,0,0,0.0,0.0,0.6705,0,0,0,0,0,0,0,1,0.0,0,0,0,1
0,0,0,0,0,0.0,0.0,0.4576,0,0,0,0,0,0,0,0,0.0,0,0,0,1
0,1,0,0,1,0.0,0.0,0.8111,0,0,0,0,0,0,0,0,0.0,0,0,0,2
0,0,0,0,1,0.0,0.0,-0.3818,0,0,0,0,0,0,0,1,0.0,0,0,0,1
0,0,0,0,2,0.0,0.0,0.0387,0,0,0,0,0,0,0,0,0.0,0,0,0,2
0,0,0,0,0,0.0,0.0,0.4767,0,0,0,0,0,0,0,0,0.0,0,0,0,4
0,0,0,0,0,0.0,0.0,0.7964,0,0,0,0,0,0,0,0,0.0,0,0,0,2
0,0,0,0,1,0.0,0.0,0.0,0,0,0,0,0,0,0,0,0.0,0,0,0,0
0,0,0,1,2,0.0,0.0,-0.2991,0,0,0,0,0,0,0,0,0.0,0,0,0,5
0,0,0,0,2,0.4404,0.0,0.4404,0,0,0,0,1,0,0,0,0.0,0,0,0,2
0,0,0,0,0,0.0,0.0,0.6948,0,0,0,0,0,0,0,0,0.0,0,0,0,0
0,0,0,0,3,0.0,0.0,-0.9503,0,0,0,0,0,0,0,0,0.0,0,0,0,4
0,0,0,0,3,0.0,0.0,0.2732,0,0,0,0,0,0,0,0,0.0,0,0,0,1
0,0,0,0,0,0.0,0.0,0.6948,0,0,0,0,0,0,0,0,0.0,0,0,0,0
0,0,0,0,0,0.0,0.0,0.0,0,0,0,0,0,0,0,0,0.0,0,0,0,0
0,0,0,0,0,0.0,0.0,0.8246,0,0,0,0,0,0,0,0,0.0,0,0,0,1
0,0,0,0,0,0.0,0.0,0.0,0,0,0,0,0,0,0,0,0.0,0,0,0,2
0,0,0,0,0,0.0,0.0,0.4019,1,0,0,0,1,1,0,0,0.4019,0,0,1,0
0,0,0,0,0,0.0,0.0,0.1531,0,0,0,0,0,0,0,0,0.0,0,0,0,3
0,0,0,0,3,0.0,0.0,0.3818,0,0,0,0,0,0,0,0,0.0,0,0,0,1
0,0,0,0,0,0.0,0.0,0.4588,0,0,0,0,0,0,0,0,0.0,0,0,0,1
0,1,0,0,0,0.4588,0.0,0.4588,0,0,0,0,1,0,0,0,0.0,0,0,0,1
0,0,0,0,0,0.0,0.0,0.0,0,0,0,0,0,0,0,0,0.0,0,0,0,0
0,0,0,0,1,0.0,-0.2263,0.0,0,0,0,0,0,0,0,0,0.0,0,0,0,0
0,0,0,2,1,0.0,0.0,-0.0516,0,0,0,0,0,0,0,0,0.0,0,0,0,3
0,0,0,0,0,0.0,0.0,0.4404,0,0,0,0,0,0,0,0,0.0,0,0,0,1
0,0,0,1,0,0.0,0.0,0.0,0,0,0,0,0,0,0,0,0.0,0,0,0,4
0,1,0,0,0,0.0,-0.2263,-0.2263,0,0,0,0,0,0,0,0,0.0,0,0,0,1
0,0,0,0,1,0.7184,0.0,0.7184,0,0,0,0,1,0,0,0,0.0,0,0,0,4
0,0,0,1,0,0.0,0.0,0.1531,0,0,0,0,0,0,0,0,0.0,0,0,0,3
0,0,0,0,1,0.7184,0.0,0.7184,0,0,0,0,1,0,0,0,0.0,0,0,0,1
0,0,0,2,1,0.0,0.0,0.0772,0,0,0,0,0,0,0,0,0.0,0,0,0,1
0,0,0,0,0,0.0,0.0,0.0,0,0,0,0,0,0,0,0,0.0,0,0,0,4
0,0,0,0,0,0.0,-0.2263,0.5267,0,0,0,0,0,0,0,0,0.0,0,0,0,1
0,0,0,0,0,0.0,0.0,-0.5719,0,0,0,0,0,0,0,0,0.0,0,0,0,6
0,0,0,0,0,0.0,0.0,0.8271,0,0,0,0,0,0,0,1,0.0,0,0,0,2
0,0,0,0,0,0.0,-0.2263,-0.6597,0,0,0,0,0,0,0,0,0.0,0,0,0,0
0,0,0,0,0,0.0,0.0,0.5994,0,0,0,0,0,0,0,0,0.0,0,0,0,0
0,0,0,0,0,0.0,0.0,0.6369,0,0,0,0,0,0,0,0,0.0,0,0,0,4
0,0,0,0,0,0.0,-0.2263,0.7184,0,0,0,0,0,0,0,0,0.0,0,0,0,3
0,0,0,0,0,0.0,0.0,0.0,0,0,0,0,0,0,0,0,0.0,0,0,0,2
0,0,0,1,0,0.7297,-0.2263,0.8374,0,0,0,0,1,0,0,0,0.0,0,0,0,4
0,0,0,0,0,0.3612,0.0,0.8074,0,0,0,0,1,0,0,0,0.0,0,0,0,4
0,0,0,0,1,0.0,0.0,0.5984,0,0,0,0,0,0,0,0,0.0,0,0,0,0
0,0,0,0,0,0.0,0.0,0.4549,0,0,0,0,0,0,0,0,0.0,0,0,0,1
0,1,0,0,1,0.0,0.0,0.4005,0,0,0,0,0,0,0,1,0.0,0,0,0,4
0,0,0,1,1,0.0,0.0,0.7372,0,0,0,0,0,0,0,0,0.0,0,0,0,0
0,0,0,0,1,0.0,0.0,0.1761,0,0,0,0,0,0,0,0,0.0,0,0,0,2
0,1,0,0,0,0.0,0.0,0.2862,0,0,0,0,0,0,0,0,0.0,0,0,0,3
0,0,0,0,0,0.0,0.0,0.4588,0,0,0,0,0,0,0,0,0.0,0,0,0,1
0,0,0,0,1,0.0,0.0,0.4019,0,0,0,0,0,0,0,0,0.0,0,0,0,2
0,1,0,0,1,0.0,-0.2263,0.25,0,0,0,0,0,0,0,1,0.0,0,0,0,3
0,1,0,0,1,0.0,0.0,0.9022,0,0,0,0,0,0,0,1,0.0,0,0,0,3
0,0,0,0,1,0.0,0.0,0.3205,0,0,0,0,0,0,0,0,0.0,0,0,0,4
0,0,0,1,3,0.0,0.0,0.6369,0,0,0,0,0,0,0,0,0.0,0,0,0,5
0,0,0,0,0,0.0,0.0,0.0,0,0,0,0,0,0,0,0,0.0,0,0,0,3
0,0,0,0,0,0.0,-0.2263,0.6115,0,0,0,0,0,0,0,0,0.0,0,0,0,3
0,0,0,0,0,0.0,0.0,-0.4927,0,0,0,0,0,0,0,0,0.0,0,0,0,2
0,0,0,0,0,0.0,0.0,0.1779,0,0,0,0,0,0,0,0,0.0,0,0,0,8
0,0,0,0,2,0.0,0.0,0.4404,0,0,0,0,0,0,0,0,0.0,0,0,0,2
0,0,0,0,1,0.0,0.0,-0.5767,0,0,0,0,0,0,0,0,0.0,0,0,0,4
0,0,0,0,0,0.0,0.0,-0.6486,0,0,0,0,0,0,0,0,0.0,0,0,0,5
0,0,0,0,1,0.0,0.0,0.5116,0,0,0,0,0,0,0,0,0.0,0,0,0,3
0,0,0,0,0,0.4404,0.0,0.913,0,0,0,0,1,0,0,0,0.0,0,0,0,0
0,0,0,1,1,0.0,0.0,0.34,0,0,0,0,0,0,0,0,0.0,0,0,0,1
0,0,0,1,1,0.0,0.0,0.0516,0,0,0,0,0,0,0,0,0.0,0,0,0,0
0,0,0,0,1,0.0,0.0,-0.802,0,0,0,0,0,0,0,0,0.0,0,0,0,5
0,0,0,0,0,0.0,-0.2263,0.4939,0,0,0,0,0,0,0,0,0.0,0,0,0,1
0,0,0,0,0,0.0,0.0,0.9337,0,0,0,0,0,0,0,0,0.0,0,0,0,2
0,0,0,2,2,0.0,-0.2263,-0.5362,0,0,0,0,0,0,0,0,0.0,0,0,0,2
0,0,0,0,1,0.0,0.0,0.0,0,0,0,0,0,0,0,0,0.0,0,0,0,1
0,0,0,0,1,0.0,0.0,0.4215,0,0,0,0,0,0,0,0,0.0,0,0,0,3
0,0,0,0,1,0.0,0.0,0.0,0,0,0,0,0,0,0,0,0.0,0,0,0,3
0,0,0,0,0,0.0,0.0,0.3612,0,0,0,0,0,0,0,0,0.0,0,0,0,4
0,0,0,0,0,0.0,0.0,0.2051,0,0,0,0,0,0,0,0,0.0,0,0,0,4
0,1,0,0,1,0.7297,0.0,0.8879,0,0,0,0,1,0,0,0,0.0,0,0,0,3
0,0,0,0,1,0.0,-0.2263,-0.5574,0,0,0,0,0,0,0,0,0.0,0,0,0,2
0,0,0,0,0,0.0,0.0,0.5949,0,0,0,0,0,0,0,0,0.0,0,0,0,0
0,0,0,0,1,0.0,0.0,0.5777,0,0,0,0,0,0,0,0,0.0,0,0,0,1
0,0,0,0,1,0.0,0.0,0.25,0,0,0,0,0,0,0,1,0.0,0,0,0,1
0,0,0,0,0,0.0,0.0,-0.2183,0,0,0,0,0,0,0,0,0.0,0,0,0,1
0,0,0,1,2,0.0,0.0,0.4404,0,0,0,0,0,0,0,0,0.0,0,0,0,4
0,0,0,0,0,0.0,0.0,0.0516,0,0,0,0,0,0,0,0,0.0,0,0,0,2
0,0,2,0,1,0.0,0.0,-0.3544,0,0,0,0,0,0,0,0,0.0,0,0,0,5
0,0,0,0,0,0.0,-0.2263,-0.4215,0,0,0,0,0,0,0,0,0.0,0,0,0,3
0,0,0,1,0,0.0,0.0,0.3818,0,0,0,0,0,0,0,0,0.0,0,0,0,0
0,0,0,0,0,0.0,0.0,0.0772,0,0,0,0,0,0,0,0,0.0,0,0,0,1
0,0,0,0,0,0.0,0.0,-0.296,0,0,0,0,0,0,0,0,0.0,0,0,0,0
0,0,0,0,1,0.0,0.0,0.4939,0,0,0,0,0,0,0,0,0.0,0,0,0,2
0,0,0,0,0,0.0,0.0,-0.5563,0,0,0,0,0,0,0,0,0.0,0,0,0,0
0,0,0,0,0,0.0,-0.2263,0.8271,0,0,0,0,0,0,0,0,0.0,0,0,0,5
0,0,0,0,0,0.0,0.0,-0.2263,0,0,0,0,0,0,0,0,0.0,0,0,0,2
0,0,0,0,0,0.0,0.0,0.0,0,0,0,0,0,0,0,0,0.0,0,0,0,1
0,0,0,0,0,0.0,0.0,0.0,0,0,0,0,0,0,0,0,0.0,0,0,0,0
0,0,0,1,0,0.0,-0.2263,0.4939,0,0,0,0,0,0,0,0,0.0,0,0,0,1
0,1,0,0,1,0.0,0.0,-0.6597,0,0,0,0,0,0,0,0,0.0,0,0,0,5
0,0,0,0,0,0.0,-0.2263,0.3612,0,0,0,0,0,0,0,0,0.0,0,0,0,1
0,0,0,0,1,0.0,0.0,0.0,0,0,0,0,0,0,0,0,0.0,0,0,0,0
0,0,0,0,0,0.0,-0.2263,-0.0258,0,0,0,0,0,0,0,0,0.0,0,0,0,1
0,0,0,0,0,0.0772,0.0,0.6124,0,0,0,0,1,0,0,0,0.0,0,0,0,2
0,1,0,0,1,0.0,0.0,0.7543,0,0,0,0,0,0,0,0,0.0,0,0,0,1
0,0,0,0,0,0.0,0.0,0.5859,0,0,0,0,0,0,0,0,0.0,0,0,0,1
0,0,0,0,0,0.0,0.0,0.4215,0,0,0,0,0,0,0,0,0.0,0,0,0,1
0,0,1,0,0,0.0,0.0,-0.5777,0,0,0,0,0,0,0,0,0.0,0,0,0,1
0,0,0,0,0,0.0,0.0,-0.2732,0,0,0,0,0,0,0,0,0.0,0,0,0,3
0,0,0,0,0,0.0,0.0,-0.4588,0,0,0,0,0,0,0,0,0.0,0,0,0,4
0,0,0,0,1,0.0,-0.2263,-0.4939,0,0,0,0,0,0,0,0,0.0,0,0,0,2
0,0,0,0,0,0.0,0.0,-0.0772,0,0,0,0,0,0,0,0,0.0,0,0,0,3
0,0,0,0,0,0.0,0.0,-0.3404,0,0,0,0,0,0,0,0,0.0,0,0,0,1
0,0,0,1,0,-0.2732,0.0,-0.3582,0,0,0,0,1,0,0,0,0.0,0,0,0,2
0,0,1,1,0,0.0,0.0,0.5267,0,0,0,0,0,0,0,0,0.0,0,0,0,3
0,0,1,0,2,0.0,-0.2263,-0.4047,0,0,0,0,0,0,0,0,0.0,0,0,0,2
0,0,0,0,0,0.0,0.0,0.2263,0,0,0,0,0,0,0,0,0.0,0,0,0,2
0,0,0,0,0,0.7184,0.0,-0.5561,0,0,0,0,1,0,0,0,0.0,0,0,0,7
0,0,0,0,0,0.2263,0.0,0.4651,0,0,0,0,1,0,0,0,0.0,0,0,0,3
0,0,0,0,0,0.0,0.0,0.0,0,0,0,0,0,0,0,0,0.0,0,0,0,1
0,0,0,1,0,0.0,0.0,0.0,0,0,0,0,0,0,0,0,0.0,0,0,0,4
0,0,0,1,0,0.0,0.0,0.875,0,0,0,0,0,0,0,0,0.0,0,0,0,5
0,0,0,0,0,0.0,0.0,0.3612,0,0,0,0,0,0,0,0,0.0,0,0,0,4
0,3,2,0,0,0.0,0.0,0.34,0,0,0,0,0,0,0,0,0.0,0,0,0,0
0,1,1,0,0,0.0,0.0,0.0,0,0,0,0,0,0,0,0,0.0,0,0,0,0
0,0,1,0,2,0.0,0.0,-0.5622,0,0,0,0,0,0,0,0,0.0,0,0,0,1
0,0,1,0,0,0.0,0.0,0.0,0,0,0,0,0,0,0,0,0.0,0,0,0,3
0,0,1,0,0,0.0,0.0,0.0,0,0,0,0,0,0,0,0,0.0,0,0,0,1
0,1,1,0,2,0.0,0.0,0.6369,0,0,0,0,0,0,0,0,0.0,0,0,0,1
0,0,0,0,0,0.0,0.0,-0.6369,0,0,0,0,0,0,0,1,0.0,0,0,0,2
0,0,0,0,0,0.0,0.0,0.34,0,0,0,0,0,0,0,0,0.0,0,0,0,4
0,0,0,0,0,0.0,0.0,0.3182,0,0,0,0,0,0,0,1,0.0,0,0,0,2
0,0,4,0,0,0.0,0.0,-0.1901,0,0,0,0,0,0,0,1,0.0,0,0,0,2
0,0,0,0,0,0.0,0.0,-0.34,0,0,0,0,0,0,0,1,0.0,0,0,0,3
0,0,0,0,0,0.0,0.0,0.8442,0,0,0,0,0,0,0,2,0.0,0,0,0,4
0,0,0,0,0,0.0,0.0,0.0,0,0,0,0,0,0,0,1,0.0,0,0,0,1
0,0,0,0,0,0.0,0.0,0.0,0,0,0,0,0,0,0,1,0.0,0,0,0,3
0,0,0,0,0,0.0,0.0,0.5574,0,0,0,0,0,0,0,1,0.0,0,0,0,5
0,3,0,0,2,0.0,0.0,0.0857,0,0,0,0,0,0,0,2,0.0,0,0,0,2
0,0,0,0,0,0.0,0.0,-0.2944,0,0,0,0,0,0,0,0,0.0,0,0,0,2
0,0,0,0,0,0.0,0.0,0.0,0,0,0,0,0,0,0,1,0.0,0,0,0,7
0,0,0,0,2,0.0,0.0,0.8271,0,0,0,0,0,0,0,1,0.0,0,0,0,2
0,0,0,0,0,0.0,0.0,-0.2263,0,0,0,0,0,0,0,2,0.0,0,0,0,3
0,0,0,0,0,0.0,0.0,0.2023,0,0,0,0,0,0,0,0,0.0,0,0,0,3
0,0,0,0,0,0.0,0.0,0.4215,0,0,0,0,0,0,0,1,0.0,0,0,0,8
0,0,0,0,1,0.0,0.0,0.4336,0,0,0,0,0,0,0,2,0.0,0,0,0,2
0,0,0,0,0,0.0,0.0,-0.0572,0,0,0,0,0,0,0,1,0.0,0,0,0,2
0,0,0,0,0,0.0,0.0,0.0,0,0,0,0,0,0,0,1,0.0,0,0,0,5
0,0,0,0,0,0.0,0.0,0.0,0,0,0,0,0,0,0,1,0.0,0,0,0,5
0,0,0,0,1,0.0,0.0,-0.34,0,0,0,0,0,0,0,1,0.0,0,0,0,2
0,3,3,0,0,0.0,0.0,-0.4767,0,0,0,0,0,0,0,1,0.0,0,0,0,2
0,0,0,0,1,0.0,0.0,0.0,0,0,0,0,0,0,0,1,0.0,0,0,0,6
0,0,1,0,0,0.4404,0.0,0.4548,0,0,0,0,1,0,0,1,0.0,0,0,0,1
0,0,0,0,0,0.0,0.0,0.8608,0,0,0,0,0,0,0,2,0.0,0,0,0,3
0,0,0,0,0,0.0,0.0,0.0,0,0,0,0,0,0,0,1,0.0,0,0,0,2
0,0,0,0,0,0.0,0.0,0.4939,0,0,0,0,0,0,0,0,0.0,0,0,0,4
0,0,0,0,0,0.0,0.0,-0.1717,0,0,0,0,0,0,0,1,0.0,0,0,0,4
0,0,0,0,3,0.0,0.0,0.0,0,0,0,0,0,0,0,0,0.0,0,0,0,3
0,0,0,0,1,0.0,0.0,0.6369,0,0,0,0,0,0,0,0,0.0,0,0,0,5
0,0,0,0,2,0.0,0.0,0.0,0,0,0,0,0,0,0,0,0.0,0,0,0,3
0,0,0,0,0,0.0,0.0,0.6249,0,0,0,0,0,0,0,1,0.0,0,0,0,4
0,0,0,1,2,0.0,0.0,-0.1571,0,0,0,0,0,0,0,1,0.0,0,0,0,5
0,0,0,1,1,0.0,0.0,0.0,0,0,0,0,0,0,0,2,0.0,0,0,0,1
0,0,0,0,0,0.0,0.0,-0.0258,0,0,0,0,0,0,0,1,0.0,0,0,0,4
0,1,0,0,1,0.0,0.0,0.5106,0,0,0,0,0,0,0,1,0.0,0,0,0,5
0,0,0,0,1,0.0,0.0,0.3182,0,0,0,0,0,0,0,0,0.0,0,0,0,1
0,0,0,0,0,0.0,0.0,0.8176,0,0,0,0,0,0,0,0,0.0,0,0,0,7
0,0,0,0,0,0.0,0.0,-0.4019,0,0,0,0,0,0,0,2,0.0,0,0,0,3
0,0,0,0,1,0.0,0.0,0.0258,0,0,0,0,0,0,0,0,0.0,0,0,0,2
0,1,1,0,0,0.0,0.0,0.6705,0,0,0,0,0,0,0,0,0.0,0,0,0,4
0,0,0,0,0,0.0,0.0,0.0,0,0,0,0,0,0,0,1,0.0,0,0,0,3
0,0,0,0,0,0.0,0.0,0.0,0,0,0,0,0,0,0,0,0.0,0,0,0,2
0,0,0,1,1,0.0,0.0,0.5873,0,0,0,0,0,0,0,0,0.0,0,0,0,0
0,0,0,0,0,0.0,0.0,0.7717,0,0,0,0,0,0,0,0,0.0,0,0,0,1
0,1,0,0,0,-0.7003,0.0,-0.8807,0,0,0,0,1,0,0,0,0.0,0,0,0,3
0,0,0,0,1,0.0,0.0,0.0,0,0,0,0,0,0,0,1,0.0,0,0,0,2
0,0,0,0,0,0.0,0.0,0.0772,0,0,0,0,0,0,0,0,0.0,0,0,0,2
0,0,0,0,0,0.0,-0.296,-0.296,0,0,0,0,0,0,0,1,0.0,0,0,0,5
0,0,0,0,0,0.0,0.0,0.0,0,0,0,0,0,0,0,0,0.0,0,0,0,4
0,0,0,0,1,0.4404,0.0,0.8507,0,0,0,0,1,0,0,0,0.0,0,0,0,2
0,0,0,0,2,0.0,0.0,-0.2263,0,0,0,0,0,0,0,0,0.0,0,0,0,2
0,0,0,1,0,0.0,0.0,0.7579,0,0,0,0,0,0,0,1,0.0,0,0,0,4
0,0,0,0,0,0.0,0.0,0.2732,0,0,0,0,0,0,0,0,0.0,0,0,0,2
0,0,0,0,1,0.0,0.0,0.3182,0,0,0,0,0,0,0,0,0.0,0,0,0,1
0,0,1,0,1,0.0,0.0,0.8807,0,0,0,0,0,0,0,0,0.0,0,0,0,2
0,0,0,0,1,0.0,0.0,0.4404,0,0,0,0,0,0,0,0,0.0,0,0,0,4
0,0,0,0,0,0.0,0.0,0.0,0,0,0,0,0,0,0,4,0.0,0,0,0,2
0,0,0,0,0,0.0,0.0,-0.1027,0,0,0,0,0,0,0,0,0.0,0,0,0,4
0,0,0,0,0,0.0,0.0,0.4404,0,0,0,0,0,0,0,0,0.0,0,0,0,2
0,0,0,0,0,0.0,0.0,0.7717,0,0,0,0,0,0,0,1,0.0,0,0,0,2
0,0,0,0,0,0.0,0.0,0.8807,0,0,0,0,0,0,0,1,0.0,0,0,0,2
0,0,1,1,0,0.0,0.0,-0.4404,0,0,0,0,0,0,0,2,0.0,0,0,0,1
0,0,0,0,0,0.0,0.0,-0.2112,0,0,0,0,0,0,0,0,0.0,0,0,0,4
0,0,0,0,0,0.0,0.0,-0.0258,0,0,0,0,0,0,0,1,0.0,0,0,0,4
0,0,1,0,0,0.0,0.0,0.6249,0,0,0,0,0,0,0,1,0.0,0,0,0,4
0,0,0,0,0,0.0,0.0,0.0,0,0,0,0,0,0,0,1,0.0,0,0,0,3
0,0,0,0,1,0.0,0.0,0.0,0,0,0,0,0,0,0,2,0.0,0,0,0,5
0,0,0,1,0,0.0,0.0,0.0,0,0,0,0,0,0,0,0,0.0,0,0,0,6
0,0,1,0,0,0.0,0.0,0.6705,0,0,0,0,0,0,0,1,0.0,0,0,0,5
0,0,0,0,0,0.0,0.0,0.1779,0,0,0,0,0,0,0,1,0.0,0,0,0,2
0,0,1,0,0,0.0,0.0,0.6808,0,0,0,0,0,0,0,1,0.0,0,0,0,3
0,0,0,0,0,0.0,0.0,0.2732,0,0,0,0,0,0,0,1,0.0,0,0,0,2
0,0,0,0,1,0.0,0.0,0.5023,0,0,0,0,0,0,0,0,0.0,0,0,0,3
0,0,0,2,5,0.0,0.0,0.0396,0,0,0,0,0,0,0,1,0.0,0,0,0,2
0,1,0,0,1,0.0,0.0,-0.1779,0,0,0,0,0,0,0,0,0.0,0,0,0,1
0,0,0,0,0,0.0,0.0,-0.34,0,0,0,0,0,0,0,1,0.0,0,0,0,2
0,0,0,0,0,0.8316,0.0,0.9369,0,0,0,0,1,0,0,1,0.0,0,0,0,2
0,0,0,0,1,0.0,0.0,0.5106,0,0,0,0,0,0,0,1,0.0,0,0,0,4
0,0,0,0,2,0.0,0.0,0.211,0,0,0,0,0,0,0,0,0.0,0,0,0,0
0,0,0,0,0,0.0,-0.2263,-0.5719,0,0,0,0,0,0,0,0,0.0,0,0,0,1
0,0,0,0,0,0.0,0.0,-0.4404,0,0,0,0,0,0,0,0,0.0,0,0,0,2
0,0,0,0,0,0.0,0.0,0.6369,0,0,0,0,0,0,0,1,0.0,0,0,0,2
0,0,0,0,0,0.0,0.0,0.6774,0,0,0,0,0,0,0,0,0.0,0,0,0,0
0,2,0,0,0,0.0,0.0,-0.2023,0,0,0,0,0,0,0,1,0.0,0,0,0,3
0,0,0,0,0,0.0,0.0,0.2449,0,0,0,0,0,0,0,0,0.0,0,0,0,2
0,0,0,0,0,0.0,-0.3182,0.0516,0,0,0,0,0,0,0,0,0.0,0,0,0,2
0,0,0,0,0,0.0,-0.2263,0.8758,0,0,0,0,0,0,0,0,0.0,0,0,0,4
0,3,0,0,0,0.0,0.0,0.9697,0,0,0,0,0,0,0,0,0.0,0,0,0,0
0,0,0,0,0,0.4588,0.0,0.6486,0,0,0,0,1,0,0,0,0.0,0,0,0,2
0,0,0,0,0,0.0,-0.2263,-0.5719,0,0,0,0,0,0,0,0,0.0,0,0,0,4
0,0,0,0,0,0.0,-0.2263,0.6369,0,0,0,0,0,0,0,0,0.0,0,0,0,1
0,2,0,0,0,0.0,0.0,0.8803,0,0,0,0,0,0,0,0,0.0,0,0,0,3
0,0,0,0,0,0.0,-0.2263,-0.2263,0,0,0,0,0,0,0,0,0.0,0,0,0,5
0,1,0,0,1,0.0,-0.2263,-0.0772,0,0,0,0,0,0,0,0,0.0,0,0,0,3
0,0,0,0,0,0.0,0.0,0.6249,0,0,0,0,0,0,0,1,0.0,0,0,0,2
0,0,0,0,0,0.0,0.0,0.0,0,0,0,0,0,0,0,0,0.0,0,0,0,1
0,2,0,0,1,0.0,0.0,-0.2484,0,0,0,0,0,0,0,0,0.0,0,0,0,2
0,0,0,0,1,0.0,-0.2263,-0.2263,0,0,0,0,0,0,0,0,0.0,0,0,0,4
0,0,0,0,0,0.0,0.0,-0.4404,0,0,0,0,0,0,0,0,0.0,0,0,0,3
0,0,0,0,0,0.0,-0.2263,-0.6908,0,0,0,0,0,0,0,0,0.0,0,0,0,3
0,0,0,0,0,0.0,0.0,0.4215,0,0,0,0,0,0,0,0,0.0,0,0,0,0
0,0,0,0,2,0.0,-0.2263,-0.5904,0,0,0,0,0,0,0,0,0.0,0,0,0,5
0,0,0,0,0,0.0,0.0,-0.5994,0,0,0,0,0,0,0,0,0.0,0,0,0,2
0,0,0,0,0,0.0,-0.2263,0.7148,0,0,0,0,0,0,0,0,0.0,0,0,0,3
0,0,0,0,0,0.0,0.0,-0.4767,0,0,0,0,0,0,0,0,0.0,0,0,0,1
0,0,0,0,0,0.0,0.0,0.6486,0,0,0,0,0,0,0,0,0.0,0,0,0,0
0,0,0,0,0,0.0,0.0,0.1695,0,0,0,0,0,0,0,0,0.0,0,0,0,1
0,0,0,0,0,0.0,-0.2263,0.4237,0,0,0,0,0,0,0,0,0.0,0,0,0,1
0,0,0,0,0,0.0,-0.2263,0.0772,0,0,0,0,0,0,0,0,0.0,0,0,0,3
0,0,0,0,0,0.0,-0.2263,-0.5781,0,0,0,0,0,0,0,0,0.0,0,0,0,1
0,0,0,0,0,0.0,-0.2263,0.5719,0,0,0,0,0,0,0,0,0.0,0,0,0,2
0,0,0,0,0,0.0,0.0,-0.5905,0,0,0,0,0,0,0,1,0.0,0,0,0,0
0,0,0,0,2,0.0,0.0,0.6314,0,0,0,0,0,0,0,0,0.0,0,0,0,4
0,0,0,0,0,0.0,0.0,0.0,0,0,0,0,0,0,0,0,0.0,0,0,0,1
0,0,0,0,1,0.0,-0.2263,-0.1531,0,0,0,0,0,0,0,0,0.0,0,0,0,3
0,0,0,0,1,0.0,-0.2263,0.6369,0,0,0,0,0,0,0,0,0.0,0,0,0,6
0,0,0,0,0,0.0,0.0,-0.8214,0,0,0,0,0,0,0,0,0.0,0,0,0,3
0,0,0,0,1,0.0,0.0,-0.0516,0,0,0,0,0,0,0,0,0.0,0,0,0,0
0,0,0,0,1,0.0,0.0,0.656,0,0,0,0,0,0,0,0,0.0,0,0,0,0
0,0,0,0,0,0.0,0.0,-0.7579,0,0,0,0,0,0,0,0,0.0,0,0,0,7
0,0,0,0,0,0.0,0.0,0.6249,0,0,0,0,0,0,0,1,0.0,0,0,0,0
0,0,0,0,1,0.0,-0.2263,-0.2263,0,0,0,0,0,0,0,0,0.0,0,0,0,3
0,0,1,0,0,0.0,0.0,-0.9055,0,0,0,0,0,0,0,1,0.0,0,0,0,3
0,0,0,0,2,0.0,0.0,0.7729,0,0,0,0,0,0,0,0,0.0,0,0,0,0
0,0,0,1,0,0.0,-0.2263,0.3107,0,0,0,0,0,0,0,1,0.0,0,0,0,3
0,0,0,0,0,0.0,0.0,0.5859,0,0,0,0,0,0,0,0,0.0,0,0,0,3
0,0,0,0,2,0.0,-0.2263,0.1695,0,0,0,0,0,0,0,0,0.0,0,0,0,3
0,1,0,0,0,0.0,0.0,0.7003,0,0,0,0,0,0,0,0,0.0,0,0,0,3
0,0,0,0,1,0.0,0.0,0.3182,0,0,0,0,0,0,0,0,0.0,0,0,0,2
0,2,0,0,1,0.0,0.0,-0.296,0,0,0,0,0,0,0,1,0.0,0,0,0,4
0,0,0,0,2,0.0,-0.2263,-0.6908,0,0,0,0,0,0,0,0,0.0,0,0,0,5
0,0,0,0,0,0.0,-0.2263,-0.4767,0,0,0,0,0,0,0,0,0.0,0,0,0,2
0,3,0,0,1,0.4215,0.0,0.9393,0,0,0,0,1,0,0,1,0.0,0,0,0,4
0,0,0,0,4,0.0,0.0,0.9619,0,0,0,0,0,0,0,0,0.0,0,0,0,3
0,0,1,1,0,0.0,0.0,0.6124,0,0,0,0,0,0,0,0,0.0,0,0,0,3
0,1,0,0,2,0.0,0.0,-0.1531,0,0,0,0,0,0,0,0,0.0,0,0,0,7
0,0,0,0,1,0.0,0.0,0.5523,0,0,0,0,0,0,0,1,0.0,0,0,0,1
0,0,0,0,0,0.0,0.0,0.5719,0,0,0,0,0,0,0,1,0.0,0,0,0,1
0,0,0,1,0,0.2263,-0.2263,0.802,0,0,0,0,1,0,0,0,0.0,0,0,0,2
0,0,0,0,1,0.3818,-0.2263,-0.5859,0,0,0,0,1,0,0,0,0.0,0,0,0,4
0,0,0,0,1,0.0,-0.2263,0.743,0,0,0,0,0,0,0,0,0.0,0,0,0,1
0,0,1,0,0,0.4404,0.0,0.8357,0,0,0,0,1,0,0,1,0.0,0,0,0,3
0,0,0,0,0,0.0,-0.2263,-0.5994,0,0,0,0,0,0,0,1,0.0,0,0,0,1
0,0,0,0,0,0.0,0.0,0.4404,0,0,0,0,0,0,0,0,0.0,0,0,0,1
0,0,0,0,2,0.0,-0.2263,0.1779,0,0,0,0,0,0,0,0,0.0,0,0,0,6
0,0,0,0,1,0.0,0.0,-0.2263,0,0,0,0,0,0,0,0,0.0,0,0,0,1
0,0,1,0,1,0.0,0.0,-0.4767,0,0,0,0,0,0,0,0,0.0,0,0,0,4
0,1,0,0,2,0.0,-0.2263,-0.6124,0,0,0,0,0,0,0,1,0.0,0,0,0,4
0,0,0,0,2,0.0,-0.2263,-0.2263,0,0,0,0,0,0,0,0,0.0,0,0,0,1
0,0,0,0,8,0.0,-0.2263,-0.8455,0,0,0,0,0,0,0,0,0.0,0,0,0,0
0,0,0,0,1,0.0,0.0,-0.9393,0,0,0,0,0,0,0,1,0.0,0,0,0,2
0,0,0,0,2,0.0,0.0,0.0498,0,0,0,0,0,0,0,0,0.0,0,0,0,5
0,0,0,0,0,0.0,0.0,-0.6124,0,0,0,0,0,0,0,1,0.0,0,0,0,3
0,0,0,0,0,0.0,0.0,0.0,0,0,0,0,0,0,0,1,0.0,0,0,0,8
0,0,0,0,1,0.0,0.0,0.8834,0,0,0,0,0,0,0,0,0.0,0,0,0,3
0,0,0,0,2,0.0,0.0,0.6369,0,0,0,0,0,0,0,1,0.0,0,0,0,3
0,0,1,0,0,0.0,0.0,0.6192,0,0,0,0,0,0,0,0,0.0,0,0,0,2
0,0,0,0,1,0.0,0.0,-0.8271,0,0,0,0,0,0,0,2,0.0,0,0,0,2
0,0,1,0,0,0.0,0.0,0.0,0,0,0,0,0,0,0,1,0.0,0,0,0,1
0,0,1,0,0,0.0,0.0,0.7269,0,0,0,0,0,0,0,0,0.0,0,0,0,2
0,0,0,0,0,0.0,0.0,0.4201,0,0,0,0,0,0,0,0,0.0,0,0,0,5
0,1,0,1,1,0.0,0.0,0.3612,0,0,0,0,0,0,0,0,0.0,0,0,0,2
0,0,0,0,2,0.0,0.0,0.0,0,0,0,0,0,0,0,2,0.0,0,0,0,2
0,0,0,0,1,0.0,0.0,-0.5719,0,0,0,0,0,0,0,0,0.0,0,0,0,1
0,0,0,0,1,0.0,0.0,0.3182,0,0,0,0,0,0,0,0,0.0,0,0,0,1
0,1,0,0,0,0.0,0.0,0.5106,0,0,0,0,0,0,0,0,0.0,0,0,0,6
0,0,0,0,0,0.0,0.0,0.743,0,0,0,0,0,0,0,1,0.0,0,0,0,1
0,1,0,0,1,0.0,0.0,0.5719,0,0,0,0,0,0,0,0,0.0,0,0,0,3
0,0,0,0,1,0.0,0.0,0.5106,0,0,0,0,0,0,0,2,0.0,0,0,0,1
0,0,1,0,0,0.0,0.0,0.6234,0,0,0,0,0,0,0,1,0.0,0,0,0,6
0,0,0,0,0,0.0,0.0,0.9201,0,0,0,0,0,0,0,1,0.0,0,0,0,2
0,0,0,0,0,0.0,0.0,0.5574,0,0,0,0,0,0,0,1,0.0,0,0,0,5
0,0,0,0,1,0.0,0.0,-0.5994,0,0,0,0,0,0,0,1,0.0,0,0,0,3
0,0,0,0,0,0.0,0.0,0.0,0,0,0,0,0,0,0,1,0.0,0,0,0,2
0,1,0,0,0,0.0,0.0,-0.2732,0,0,0,0,0,0,0,1,0.0,0,0,0,1
0,0,0,0,0,0.0,0.0,0.7791,0,0,0,0,0,0,0,1,0.0,0,0,0,1
0,1,0,0,0,0.0,0.0,0.0,0,0,0,0,0,0,0,0,0.0,0,0,0,2
0,0,0,0,3,0.0,0.0,0.765,0,0,0,0,0,0,0,0,0.0,0,0,0,5
0,0,0,0,0,0.0,0.0,0.0,0,0,0,0,0,0,0,1,0.0,0,0,0,4
0,0,0,0,0,0.0,0.0,-0.1027,0,0,0,0,0,0,0,2,0.0,0,0,0,4
0,0,0,0,1,0.0,0.0,-0.0516,0,0,0,0,0,0,0,5,0.0,0,0,0,2
0,1,0,0,0,0.0,0.0,-0.4019,0,0,0,0,0,0,0,1,0.0,0,0,0,1
0,0,1,0,0,0.0,0.0,0.3612,0,0,0,0,0,0,0,1,0.0,0,0,0,4
0,0,2,0,1,0.0,0.0,-0.4767,0,0,0,0,0,0,0,3,0.0,0,0,0,0
0,0,0,0,0,0.0,0.0,0.0,0,0,0,0,0,0,0,1,0.0,0,0,0,3
0,0,0,0,1,0.0,0.0,-0.9393,0,0,0,0,0,0,0,1,0.0,0,0,0,2
0,0,0,0,4,0.0,0.0,0.0,0,0,0,0,0,0,0,1,0.0,0,0,0,4
0,0,1,0,0,0.0,0.0,0.5423,0,0,0,0,0,0,0,0,0.0,0,0,0,6
0,0,0,0,0,0.0,0.0,0.0,0,0,0,0,0,0,0,0,0.0,0,0,0,2
0,0,0,0,0,0.0,0.0,-0.6124,0,0,0,0,0,0,0,1,0.0,0,0,0,5
0,0,1,0,0,0.0,0.0,0.3535,0,0,0,0,0,0,0,1,0.0,0,0,0,0
0,0,0,0,0,0.0,0.0,0.0,0,0,0,0,0,0,0,7,0.0,0,0,0,2
0,0,2,0,0,0.0,0.0,-0.4019,0,0,0,0,0,0,0,0,0.0,0,0,0,1
0,0,0,0,0,0.0,0.0,0.0,0,0,0,0,0,0,0,0,0.0,0,0,0,3
0,0,0,0,0,0.0,0.0,0.5574,0,0,0,0,0,0,0,1,0.0,0,0,0,5
0,0,0,0,0,0.0,0.0,0.0,0,0,0,0,0,0,0,2,0.0,0,0,0,3
0,0,0,0,1,0.0,0.0,0.9423,0,0,0,0,0,0,0,1,0.0,0,0,0,2
0,0,0,0,0,0.0,0.0,0.0129,0,0,0,0,0,0,0,2,0.0,0,0,0,4
0,0,0,0,0,0.0,0.0,0.0,0,0,0,0,0,0,0,1,0.0,0,0,0,4
0,0,1,0,1,0.4588,0.0,0.4588,0,0,0,0,1,0,0,1,0.0,0,0,0,1
0,0,0,0,1,0.0,0.0,0.3182,0,0,0,0,0,0,0,0,0.0,0,0,0,1
0,0,0,0,0,0.0,0.0,-0.3811,0,0,0,0,0,0,0,1,0.0,0,0,0,1
0,0,0,0,1,0.0,0.0,0.0,0,0,0,0,0,0,0,1,0.0,0,0,0,5
0,1,0,0,1,0.0,0.0,0.9279,0,0,0,0,0,0,0,0,0.0,0,0,0,5
0,0,0,0,0,0.0,0.0,0.0,0,0,0,0,0,0,0,0,0.0,0,0,0,3
0,0,1,0,1,0.0,0.0,0.0,0,0,0,0,0,0,0,1,0.0,0,0,0,3
0,0,0,0,0,0.0,-0.2263,-0.2263,0,0,0,0,0,0,0,1,0.0,0,0,0,2
0,0,0,0,0,0.0,0.0,0.6369,0,0,0,0,0,0,0,0,0.0,0,0,0,1
0,0,0,1,0,0.0,0.0,0.4881,0,0,0,0,0,0,0,1,0.0,0,0,0,2
0,0,0,0,0,0.0,0.0,0.6369,0,0,0,0,0,0,0,0,0.0,0,0,0,0
0,0,0,0,0,0.0,0.0,0.7944,0,0,0,0,0,0,0,1,0.0,0,0,0,1
0,0,0,0,0,0.0,0.0,0.1695,0,0,0,0,0,0,0,0,0.0,0,0,0,2
0,0,1,0,0,0.0,0.0,-0.7167,0,0,0,0,0,0,0,1,0.0,0,0,0,3
0,0,0,0,0,0.0,0.0,0.4404,0,0,0,0,0,0,0,0,0.0,0,0,0,2
0,0,0,0,0,0.0,-0.2263,-0.2263,0,0,0,0,0,0,0,0,0.0,0,0,0,7
0,0,0,0,1,0.0,0.0,0.0,0,0,0,0,0,0,0,1,0.0,0,0,0,5
0,0,0,0,1,0.0,0.0,0.8389,0,0,0,0,0,0,0,1,0.0,0,0,0,3
0,0,0,0,0,0.0,0.0,0.0,0,0,0,0,0,0,0,0,0.0,0,0,0,0
0,1,0,0,0,0.0,0.0,0.765,0,0,0,0,0,0,0,0,0.0,0,0,0,0
0,0,0,0,0,0.0,0.0,-0.4767,0,0,0,0,0,0,0,0,0.0,0,0,0,2
0,0,0,0,0,0.0,0.0,-0.4019,0,0,0,0,0,0,0,1,0.0,0,0,0,2
0,0,0,0,0,0.0,-0.2263,0.9375,0,0,0,0,0,0,0,0,0.0,0,0,0,0
0,2,0,0,0,0.0,0.0,0.9274,0,0,0,0,0,0,0,0,0.0,0,0,0,2
0,0,0,0,3,0.0,0.0,0.4019,0,0,0,0,0,0,0,0,0.0,0,0,0,6
0,0,0,0,0,0.0,-0.2263,0.2755,0,0,0,0,0,0,0,0,0.0,0,0,0,2
0,0,0,0,1,0.0,0.0,0.4927,0,0,0,0,0,0,0,1,0.0,0,0,0,2
0,0,1,0,0,0.0,0.0,0.0,0,0,0,0,0,0,0,1,0.0,0,0,0,1
0,0,0,1,0,0.8402,0.0,0.6597,0,0,0,0,1,0,0,0,0.0,0,0,0,0
0,0,0,0,2,0.0,-0.2263,-0.6597,0,0,0,0,0,0,0,0,0.0,0,0,0,1
0,0,0,0,1,0.0,0.0,0.8934,0,0,0,0,0,0,0,0,0.0,0,0,0,2
0,0,0,0,1,0.0,-0.2263,-0.1531,0,0,0,0,0,0,0,0,0.0,0,0,0,3
0,0,0,0,2,0.0,-0.2263,0.2144,0,0,0,0,0,0,0,0,0.0,0,0,0,2
0,1,1,0,5,0.0,-0.2263,-0.2263,0,0,0,0,0,0,0,1,0.0,0,0,0,3
0,0,0,0,0,0.6369,0.0,0.8858,0,0,0,0,1,0,0,1,0.0,0,0,0,3
0,0,0,0,0,0.0,0.0,0.5106,0,0,0,0,0,0,0,0,0.0,0,0,0,1
0,0,0,0,0,0.0,-0.2263,0.34,0,0,0,0,0,0,0,0,0.0,0,0,0,1
0,0,0,0,1,0.0,0.0,0.6249,0,0,0,0,0,0,0,1,0.0,0,0,0,3
0,0,0,0,0,0.0,-0.2263,-0.7717,0,0,0,0,0,0,0,3,0.0,0,0,0,3
0,0,0,0,3,0.0,0.0,0.7649,0,0,0,0,0,0,0,0,0.0,0,0,0,0
0,0,0,0,0,0.0,0.0,0.4005,0,0,0,0,0,0,0,1,0.0,0,0,0,2
0,1,0,0,2,0.0,-0.2263,0.4939,0,0,0,0,0,0,0,2,0.0,0,0,0,2
0,1,1,0,0,0.0,0.3818,0.34,0,0,0,0,0,0,0,0,0.0,0,0,0,4
0,1,1,0,0,0.0,0.0,0.5719,0,0,0,0,0,0,0,0,0.0,0,0,0,2
0,0,0,0,0,0.0,0.0,-0.7249,0,0,0,0,0,0,0,0,0.0,0,0,0,3
0,1,0,0,7,0.0,0.0,0.8331,0,0,0,0,0,0,0,0,0.0,0,0,0,4
0,1,0,0,0,0.0,0.0,0.8573,0,0,0,0,0,0,0,1,0.0,0,0,0,4
0,0,1,0,0,0.0,0.0,-0.5116,0,0,0,0,0,0,0,1,0.0,0,0,0,5
0,0,0,0,1,0.0,0.0,-0.09,0,0,0,0,0,0,0,0,0.0,0,0,0,2
0,0,0,0,1,0.0,-0.2263,-0.2263,0,0,0,0,0,0,0,0,0.0,0,0,0,2
0,0,0,0,0,0.0,0.0,0.128,0,0,0,0,0,0,0,0,0.0,0,0,0,6
0,0,0,0,1,0.0,0.0,0.6799,0,0,0,0,0,0,0,1,0.0,0,0,0,2
0,1,0,0,0,0.0,0.0,0.0,0,0,0,0,0,0,0,0,0.0,0,0,0,3
0,0,0,0,1,0.0,0.0,-0.5216,0,0,0,0,0,0,0,0,0.0,0,0,0,1
0,0,0,0,0,0.3612,0.0,0.9715,0,0,0,0,1,0,0,0,0.0,0,0,0,1
0,0,0,0,0,0.0,-0.2263,-0.7003,0,0,0,0,0,0,0,0,0.0,0,0,0,3
0,0,0,0,0,0.0,0.0,0.7944,0,0,0,0,0,0,0,0,0.0,0,0,0,3
0,0,0,0,0,0.0,0.0,0.4215,0,0,0,0,0,0,0,1,0.0,0,0,0,1
0,0,0,0,0,0.0,0.0,0.5719,0,0,0,0,0,0,0,0,0.0,0,0,0,5
0,0,0,0,0,0.0,-0.2263,0.3947,0,0,0,0,0,0,0,0,0.0,0,0,0,0
0,0,1,0,0,0.0,0.0,0.0,0,0,0,0,0,0,0,1,0.0,0,0,0,4
0,0,0,0,0,0.0,0.0,-0.2263,0,0,0,0,0,0,0,0,0.0,0,0,0,4
0,0,0,0,0,0.0,-0.2263,-0.8185,0,0,0,0,0,0,0,0,0.0,0,0,0,5
0,0,0,1,0,0.0,-0.2263,0.4588,0,0,0,0,0,0,0,0,0.0,0,0,0,6
0,1,0,0,0,0.0,0.0,0.5994,0,0,0,0,0,0,0,0,0.0,0,0,0,0
0,2,0,0,2,0.0,0.0,0.8903,0,0,0,0,0,0,0,0,0.0,0,0,0,2
0,0,0,0,0,0.0,0.0,-0.8476,0,0,0,0,0,0,0,0,0.0,0,0,0,4
0,0,0,0,0,0.0,0.0,0.8885,0,0,0,0,0,0,0,0,0.0,0,0,0,3
0,0,0,0,1,0.0,-0.2263,0.2023,0,0,0,0,0,0,0,0,0.0,0,0,0,1
0,0,0,0,1,0.0,0.0,-0.5106,0,0,0,0,0,0,0,2,0.0,0,0,0,0
0,1,0,0,1,0.0,0.0,0.7287,0,0,0,0,0,0,0,0,0.0,0,0,0,2
0,1,0,0,1,0.0,0.0,0.9356,0,0,0,0,0,0,0,1,0.0,0,0,0,4
0,0,0,0,1,0.0,0.0,-0.8442,0,0,0,0,0,0,0,2,0.0,0,0,0,4
0,0,0,0,2,0.0,-0.2263,-0.2263,0,0,0,0,0,0,0,0,0.0,0,0,0,4
0,0,0,0,0,0.0,0.0,-0.4767,0,0,0,0,0,0,0,1,0.0,0,0,0,1
0,0,0,0,0,0.0,0.0,-0.4588,0,0,0,0,0,0,0,0,0.0,0,0,0,0
0,3,0,0,0,0.0,0.0,-0.2516,0,0,0,0,0,0,0,1,0.0,0,0,0,1
0,1,0,0,0,0.0,0.0,0.2263,0,0,0,0,0,0,0,0,0.0,0,0,0,5
0,0,0,0,0,0.0,0.0,0.5994,0,0,0,0,0,0,0,1,0.0,0,0,0,1
0,1,0,1,0,0.0,-0.2263,-0.2263,0,0,0,0,0,0,0,1,0.0,0,0,0,4
0,0,0,0,1,-0.6808,0.0,-0.5742,0,0,0,0,1,0,0,1,0.0,0,0,0,2
0,0,0,0,0,0.0,-0.2263,-0.7845,0,0,0,0,0,0,0,0,0.0,0,0,0,0
0,0,0,2,2,0.0,0.0,-0.6369,0,0,0,0,0,0,0,1,0.0,0,0,0,2
0,0,0,0,0,0.0,-0.2263,0.4576,0,0,0,0,0,0,0,1,0.0,0,0,0,4
0,0,0,0,0,0.0,0.0,-0.6486,0,0,0,0,0,0,0,0,0.0,0,0,0,2
0,0,0,0,0,0.0,-0.2263,0.6326,0,0,0,0,0,0,0,0,0.0,0,0,0,2
0,0,0,0,2,0.0,-0.2263,-0.296,0,0,0,0,0,0,0,0,0.0,0,0,0,4
0,0,0,1,0,0.0,-0.2263,-0.1761,0,0,0,0,0,0,0,1,0.0,0,0,0,2
0,0,0,0,1,0.0,0.0,0.0,0,0,0,0,0,0,0,1,0.0,0,0,0,2
0,2,0,0,0,0.0,0.0,-0.6299,0,0,0,0,0,0,0,0,0.0,0,0,0,3
0,0,0,0,0,0.0,0.0,-0.4201,0,0,0,0,0,0,0,1,0.0,0,0,0,3
0,0,0,0,1,0.0,0.0,0.0,0,0,0,0,0,0,0,0,0.0,0,0,0,3
0,1,0,0,1,0.0,-0.2263,0.6064,0,0,0,0,0,0,0,1,0.0,0,0,0,2
0,0,0,0,2,0.0,-0.2263,-0.4767,0,0,0,0,0,0,0,0,0.0,0,0,0,2
0,1,0,0,4,0.0,-0.2263,-0.2263,0,0,0,0,0,0,0,0,0.0,0,0,0,1
0,0,0,0,1,0.0,0.0,0.25,0,0,0,0,0,0,0,1,0.0,0,0,0,6
0,0,0,0,0,0.0,0.0,-0.9056,0,0,0,0,0,0,0,0,0.0,0,0,0,3
0,2,0,0,0,0.0,0.0,0.0,0,0,0,0,0,0,0,0,0.0,0,0,0,4
0,0,0,0,0,0.0,0.0,-0.0516,0,0,0,0,0,0,0,1,0.0,0,0,0,2
0,2,0,0,0,0.0,-0.2263,0.5267,0,0,0,0,0,0,0,0,0.0,0,0,0,4
0,0,0,0,0,0.0,-0.2263,-0.2732,0,0,0,0,0,0,0,0,0.0,0,0,0,6
0,1,0,0,0,0.0,0.0,0.0868,0,0,0,0,0,0,0,0,0.0,0,0,0,0
0,0,0,0,1,0.0,0.0,0.8748,0,0,0,0,0,0,0,1,0.0,0,0,0,3
0,0,1,0,0,0.0,-0.2263,0.1531,0,0,0,0,0,0,0,0,0.0,0,0,0,3
0,0,0,0,1,0.0,0.0,-0.296,0,0,0,0,0,0,0,0,0.0,0,0,0,1
0,0,1,0,1,0.0,0.0,0.0,0,0,0,0,0,0,0,0,0.0,0,0,0,3
0,0,0,0,0,0.0,-0.2263,-0.8689,0,0,0,0,0,0,0,0,0.0,0,0,0,2
0,0,1,0,0,0.0,0.0,0.6249,0,0,0,0,0,0,0,0,0.0,0,0,0,4
0,0,0,0,0,0.0,-0.2263,-0.2263,0,0,0,0,0,0,0,1,0.0,0,0,0,0
0,0,0,0,0,0.0,0.0,-0.2263,0,0,0,0,0,0,0,1,0.0,0,0,0,3
0,0,0,0,0,0.0,0.0,-0.6486,0,0,0,0,0,0,0,0,0.0,0,0,0,1
0,0,0,0,0,0.0,0.0,0.7269,0,0,0,0,0,0,0,1,0.0,0,0,0,2
0,0,0,0,0,0.0,-0.2263,-0.4633,0,0,0,0,0,0,0,0,0.0,0,0,0,1
0,0,0,0,1,0.0,0.0,0.9201,0,0,0,0,0,0,0,4,0.0,0,0,0,3
0,0,0,0,0,-0.4767,0.0,-0.6486,0,0,0,0,1,0,0,0,0.0,0,0,0,1
0,0,0,0,0,0.0,-0.2263,-0.2204,0,0,0,0,0,0,0,0,0.0,0,0,0,2
0,0,0,0,0,0.0,0.0,0.4572,0,0,0,0,0,0,0,0,0.0,0,0,0,2
0,0,0,0,1,0.0,-0.2263,-0.7121,0,0,0,0,0,0,0,0,0.0,0,0,0,2
0,0,0,0,0,0.0,0.0,0.5423,0,0,0,0,0,0,0,0,0.0,0,0,0,1
0,0,0,0,0,0.0,0.0,-0.1779,0,0,0,0,0,0,0,1,0.0,0,0,0,1
0,0,0,0,0,0.0,0.0,0.1695,0,0,0,0,0,0,0,0,0.0,0,0,0,4
0,1,0,0,2,0.0,0.0,-0.464,0,0,0,0,0,0,0,1,0.0,0,0,0,2
0,0,1,0,0,0.0,0.0,-0.2755,0,0,0,0,0,0,0,0,0.0,0,0,0,3
0,0,0,0,0,0.0,-0.2263,-0.3291,0,0,0,0,0,0,0,0,0.0,0,0,0,1
0,0,0,0,0,0.0,0.0,-0.8591,0,0,0,0,0,0,0,1,0.0,0,0,0,3
0,0,0,0,0,0.0,0.0,0.0,0,0,0,0,0,0,0,0,0.0,0,0,0,1
0,0,0,0,0,0.0,-0.2263,-0.6191,0,0,0,0,0,0,0,0,0.0,0,0,0,3
0,0,0,0,0,0.0,0.0,-0.3818,0,0,0,0,0,0,0,1,0.0,0,0,0,2
0,0,0,0,0,0.0,0.0,-0.5859,0,0,0,0,0,0,0,1,0.0,0,0,0,4
0,0,0,0,2,0.0,0.0,0.5789,0,0,0,0,0,0,0,0,0.0,0,0,0,1
0,0,0,0,0,0.0,0.0,0.4404,0,0,0,0,0,0,0,0,0.0,0,0,0,2
0,0,0,0,0,0.0,0.0,0.2732,0,0,0,0,0,0,0,0,0.0,0,0,0,2
0,0,0,0,0,0.0,-0.2263,-0.3428,0,0,0,0,0,0,0,0,0.0,0,0,0,4
0,0,0,0,0,0.0,0.0,-0.1528,0,0,0,0,0,0,0,3,0.0,0,0,0,2
0,0,0,0,1,0.4588,0.0,0.1027,0,0,0,0,1,0,0,1,0.0,0,0,0,2
0,0,1,0,0,0.0,-0.2263,0.25,0,0,0,0,0,0,0,0,0.0,0,0,0,1
0,0,0,0,1,0.0,0.0,0.0,0,0,0,0,0,0,0,0,0.0,0,0,0,2
0,0,0,0,1,0.0,0.0,-0.6115,0,0,0,0,0,0,0,0,0.0,0,0,0,2
0,0,0,1,3,0.0,0.0,0.6071,0,0,0,0,0,0,0,2,0.0,0,0,0,2
0,1,0,0,0,0.0,0.0,0.8647,0,0,0,0,0,0,0,0,0.0,0,0,0,1
0,0,1,0,0,0.0,0.0,0.0,0,0,0,0,0,0,0,1,0.0,0,0,0,2
0,0,0,0,0,0.0,0.0,0.0,0,0,0,0,0,0,0,1,0.0,0,0,0,4
0,0,0,0,5,0.0,-0.2263,-0.2263,0,0,0,0,0,0,0,0,0.0,0,0,0,1
0,0,0,0,0,0.0,-0.2263,-0.4588,0,0,0,0,0,0,0,0,0.0,0,0,0,3
0,1,0,0,0,0.0,0.0,0.0,0,0,0,0,0,0,0,0,0.0,0,0,0,3
0,0,0,0,0,0.0,0.0,0.1779,0,0,0,0,0,0,0,1,0.0,0,0,0,1
0,0,0,0,0,0.0,-0.2263,0.6124,0,0,0,0,0,0,0,0,0.0,0,0,0,2
0,0,0,0,0,0.0,0.0,0.431,0,0,0,0,0,0,0,0,0.0,0,0,0,1
0,0,0,0,1,0.0,-0.2263,-0.0018,0,0,0,0,0,0,0,0,0.0,0,0,0,1
0,0,0,0,1,0.0,0.0,0.2732,0,0,0,0,0,0,0,0,0.0,0,0,0,0
0,0,0,0,20,0.0,-0.2263,0.2732,0,0,0,0,0,0,0,0,0.0,0,0,0,3
0,0,0,0,0,0.0,-0.2263,0.25,0,0,0,0,0,0,0,0,0.0,0,0,0,3
0,0,0,0,13,0.7003,0.0,0.7003,0,0,0,0,1,0,0,1,0.0,0,0,0,3
0,1,0,0,0,0.0,-0.2263,-0.6908,0,0,0,0,0,0,0,0,0.0,0,0,0,0
0,0,0,0,0,0.0,-0.2263,-0.1139,0,0,0,0,0,0,0,0,0.0,0,0,0,3
0,1,0,0,2,0.0,0.0,0.1695,0,0,0,0,0,0,0,1,0.0,0,0,0,2
0,0,0,0,0,0.0,-0.2263,-0.7227,0,0,0,0,0,0,0,0,0.0,0,0,0,1
0,0,0,0,0,0.0,0.0,0.0,0,0,0,0,0,0,0,0,0.0,0,0,0,4
0,0,0,0,1,0.0,-0.2263,0.8576,0,0,0,0,0,0,0,0,0.0,0,0,0,2
0,1,0,2,9,0.4588,0.0,0.8668,0,0,0,0,1,0,0,0,0.0,0,0,0,5
0,1,0,0,1,0.0,-0.2263,0.3182,0,0,0,0,0,0,0,0,0.0,0,0,0,0
0,0,0,0,5,0.0,0.0,0.0,0,0,0,0,0,0,0,0,0.0,0,0,0,1
0,0,0,0,0,0.0,0.0,0.8449,0,0,0,0,0,0,0,0,0.0,0,0,0,1
0,0,0,0,1,0.0,0.0,0.0,0,0,0,0,0,0,0,0,0.0,0,0,0,2
0,0,0,0,0,0.0,0.0,-0.2263,0,0,0,0,0,0,0,0,0.0,0,0,0,0
0,0,0,0,3,0.0,0.0,0.0258,0,0,0,0,0,0,0,1,0.0,0,0,0,1
0,0,0,0,0,0.0,0.0,-0.4724,0,0,0,0,0,0,0,0,0.0,0,0,0,5
0,0,0,0,0,0.0,0.0,0.5371,0,0,0,0,0,0,0,1,0.0,0,0,0,2
0,0,0,0,0,0.0,0.0,-0.7783,0,0,0,0,0,0,0,1,0.0,0,0,0,8
0,0,0,0,0,0.0,0.0,0.4588,0,0,0,0,0,0,0,0,0.0,0,0,0,5
0,0,0,0,2,0.0,-0.2263,0.1027,0,0,0,0,0,0,0,0,0.0,0,0,0,2
0,0,0,0,0,0.0,-0.2263,-0.0258,0,0,0,0,0,0,0,0,0.0,0,0,0,3
0,0,0,0,1,0.0,0.0,0.7065,0,0,0,0,0,0,0,0,0.0,0,0,0,1
0,1,0,0,0,-0.6808,0.0,-0.4888,0,0,0,0,1,0,0,0,0.0,0,0,0,0
0,0,0,0,1,0.0,-0.2263,0.0589,0,0,0,0,0,0,0,0,0.0,0,0,0,6
0,0,0,0,0,0.0,0.0,-0.1779,0,0,0,0,0,0,0,0,0.0,0,0,0,3
0,0,0,0,0,0.0,0.0,-0.5057,0,0,0,0,0,0,0,2,0.0,0,0,0,1
0,0,0,0,0,0.0,0.0,0.0,0,0,0,0,0,0,0,0,0.0,0,0,0,0
0,0,0,0,0,0.0,0.0,0.829,0,0,0,0,0,0,0,0,0.0,0,0,0,0
0,0,0,0,0,0.0,-0.2263,-0.765,0,0,0,0,0,0,0,0,0.0,0,0,0,3
0,1,0,0,0,0.0,0.0,-0.8176,0,0,0,0,0,0,0,0,0.0,0,0,0,1
0,1,0,0,1,0.0,0.0,0.6867,0,0,0,0,0,0,0,0,0.0,0,0,0,2
0,0,0,0,0,0.0,0.0,0.0,0,0,0,0,0,0,0,0,0.0,0,0,0,2
0,1,0,0,1,0.0,-0.2263,0.633,0,0,0,0,0,0,0,0,0.0,0,0,0,1
0,0,0,0,3,0.0,0.0,0.7351,0,0,0,0,0,0,0,0,0.0,0,0,0,3
0,0,0,0,0,0.0,0.0,0.0,0,0,0,0,0,0,0,1,0.0,0,0,0,1
0,0,0,0,0,0.0,0.0,-0.1027,0,0,0,0,0,0,0,0,0.0,0,0,0,2
0,0,1,0,0,0.0,-0.2263,-0.5001,0,0,0,0,0,0,0,0,0.0,0,0,0,1
0,0,0,0,0,0.0,0.0,-0.1027,0,0,0,0,0,0,0,0,0.0,0,0,0,2
0,0,0,0,0,0.0,0.0,0.0,0,0,0,0,0,0,0,0,0.0,0,0,0,0
0,0,0,0,3,0.0,0.0,0.3612,0,0,0,0,0,0,0,0,0.0,0,0,0,3
0,0,0,0,2,0.0,-0.2263,-0.2263,0,0,0,0,0,0,0,0,0.0,0,0,0,1
0,0,0,0,0,0.0,0.0,0.25,0,0,0,0,0,0,0,0,0.0,0,0,0,1
0,0,0,0,0,0.0,-0.2263,0.7795,0,0,0,0,0,0,0,0,0.0,0,0,0,1
0,1,0,0,2,0.0,0.0,0.8159,0,0,0,0,0,0,0,0,0.0,0,0,0,2
0,0,0,1,2,0.0,0.0,-0.34,0,0,0,0,0,0,0,0,0.0,0,0,0,1
0,5,0,0,0,0.0,0.0,0.8783,0,0,0,0,0,0,0,1,0.0,0,0,0,0
0,0,0,0,1,0.0,-0.2263,-0.6542,0,0,0,0,0,0,0,0,0.0,0,0,0,1
0,0,0,0,1,0.0,0.0,0.8709,0,0,0,0,0,0,0,0,0.0,0,0,0,3
0,0,0,0,0,0.0,0.0,0.0258,0,0,0,0,0,0,0,0,0.0,0,0,0,4
0,0,0,0,0,0.0,-0.2263,0.4939,0,0,0,0,0,0,0,0,0.0,0,0,0,1
0,0,0,0,0,0.4588,0.0,0.4588,0,0,0,0,1,0,0,0,0.0,0,0,0,3
0,0,0,0,0,0.0,0.0,0.212,0,0,0,0,0,0,0,0,0.0,0,0,0,1
0,0,0,0,0,0.0,0.0,-0.6519,0,0,0,0,0,0,0,0,0.0,0,0,0,3
0,0,1,0,0,0.0,0.0,0.0,0,0,0,0,0,0,0,0,0.0,0,0,0,4
0,0,0,0,0,0.0,0.0,-0.7096,0,0,0,0,0,0,0,1,0.0,0,0,0,2
0,1,0,0,7,0.0,0.0,0.7125,0,0,0,0,0,0,0,0,0.0,0,0,0,6
0,0,0,0,1,0.0,-0.2263,0.3182,0,0,0,0,0,0,0,0,0.0,0,0,0,0
0,0,0,0,1,0.0,-0.2263,-0.5994,0,0,0,0,0,0,0,0,0.0,0,0,0,3
0,0,0,0,0,0.6705,-0.2263,0.7506,0,0,0,0,1,0,0,0,0.0,0,0,0,1
0,0,0,0,0,0.0,0.0,0.5371,0,0,0,0,0,0,0,0,0.0,0,0,0,3
0,0,0,0,1,0.0,0.0,0.6369,0,0,0,0,0,0,0,0,0.0,0,0,0,2
0,1,0,0,0,0.0,0.0,0.6207,0,0,0,0,0,0,0,0,0.0,0,0,0,0
0,0,0,0,2,0.0,-0.2263,-0.7351,0,0,0,0,0,0,0,0,0.0,0,0,0,5
0,0,0,0,1,0.3612,0.0,-0.4215,0,0,0,0,1,0,0,0,0.0,0,0,0,3
0,0,1,0,0,0.0,0.0,-0.4048,0,0,0,0,0,0,0,0,0.0,0,0,0,2
0,0,0,0,1,0.0,-0.2263,0.1531,0,0,0,0,0,0,0,0,0.0,0,0,0,0
0,0,0,0,0,0.0,0.0,-0.7906,0,0,0,0,0,0,0,1,0.0,0,0,0,1
0,0,0,0,0,0.0,0.0,0.6369,0,0,0,0,0,0,0,0,0.0,0,0,0,2
0,0,0,0,0,0.0,-0.2263,0.296,0,0,0,0,0,0,0,0,0.0,0,0,0,1
0,0,0,0,1,0.0,0.0,0.0,0,0,0,0,0,0,0,0,0.0,0,0,0,2
0,1,0,0,1,0.9571,0.0,0.9719,0,0,0,0,1,0,0,1,0.0,0,0,0,2
0,0,1,0,0,0.0,0.0,0.4588,0,0,0,0,0,0,0,0,0.0,0,0,0,1
0,0,0,0,0,0.0,0.0,0.0,0,0,0,0,0,0,0,1,0.0,0,0,0,0
0,0,0,0,0,0.0,0.0,0.34,0,0,0,0,0,0,0,0,0.0,0,0,0,1
0,1,0,0,0,0.0,0.0,0.4767,0,0,0,0,0,0,0,0,0.0,0,0,0,3
0,2,0,0,4,-0.4767,0.0,-0.3291,0,0,0,0,1,0,0,0,0.0,0,0,0,3
0,0,1,0,19,0.0,-0.2263,-0.5156,0,0,0,0,0,0,0,2,0.0,0,0,0,0
0,1,0,0,0,0.0,0.0,-0.296,0,0,0,0,0,0,0,0,0.0,0,0,0,1
0,1,0,0,2,0.0,0.0,0.7918,0,0,0,0,0,0,0,0,0.0,0,0,0,3
0,0,0,0,2,0.0,-0.2263,-0.9267,0,0,0,0,0,0,0,0,0.0,0,0,0,5
0,0,0,0,4,0.0,0.0,-0.3182,0,0,0,0,0,0,0,0,0.0,0,0,0,3
0,2,0,0,0,0.0,0.0,0.9022,0,0,0,0,0,0,0,0,0.0,0,0,0,3
0,0,0,0,0,0.0,0.0,-0.2263,0,0,0,0,0,0,0,1,0.0,0,0,0,1
0,0,0,0,0,0.0,0.0,0.0,0,0,0,0,0,0,0,0,0.0,0,0,0,1
0,0,0,0,0,0.0,0.0,0.0,0,0,0,0,0,0,0,1,0.0,0,0,0,5
0,0,0,0,0,0.0,0.0,0.0,0,0,0,0,0,0,0,1,0.0,0,0,0,1
0,0,0,0,0,0.0,0.0,0.8735,0,0,0,0,0,0,0,0,0.0,0,0,0,3
0,0,0,0,0,0.0,0.0,0.5574,0,0,0,0,0,0,0,0,0.0,0,0,0,3
0,0,0,0,0,0.0,0.0,0.5106,0,0,0,0,0,0,0,0,0.0,0,0,0,2
0,0,0,0,0,0.0,0.0,0.7906,0,0,0,0,0,0,0,0,0.0,0,0,0,2
0,0,0,0,0,0.0,0.0,0.9164,0,0,0,0,0,0,0,1,0.0,0,0,0,2
0,0,0,0,0,0.0,0.0,0.0,0,0,0,0,0,0,0,0,0.0,0,0,0,0
0,0,0,0,2,0.0,0.0,0.0,0,0,0,0,0,0,0,3,0.0,0,0,0,2
0,0,0,0,0,0.0,0.0,-0.8555,0,0,0,0,0,0,0,0,0.0,0,0,0,7
